application_id,decision,score,loan_amount,income,DTI,LTV,collateral_type,collateral_value,customer_type,requested_amount,loan_term_months,proposed_loan_option,proposed_consolidation_loan,rule_reasons,top_feature,explanation,currency_code
APP_0001,approved,1.0,81788.0,102035.0,0.003155779879453,0.4752767527675249,car,172085.0,bank,81788.0,72,"{""term_months"": 72, ""apr"": 0.15, ""amount"": 81788.0}",,"{""ndi_value_ok"": true, ""ndi_ratio_ok"": true}",income,Top factor: income,USD
APP_0002,approved,1.0,74987.0,122374.0,0.231429878895842,1.3798833336400018,land,54343.0,bank,74987.0,36,"{""term_months"": 36, ""apr"": 0.15, ""amount"": 74987.0}",,"{""ndi_value_ok"": true, ""ndi_ratio_ok"": true}",income,Top factor: income,USD
APP_0003,approved,1.0,58040.0,117380.0,0.3177287442494435,0.8855525548892924,deposit,65541.0,bank,58040.0,72,"{""term_months"": 72, ""apr"": 0.15, ""amount"": 58040.0}",,"{""ndi_value_ok"": true, ""ndi_ratio_ok"": true}",income,Top factor: income,USD
APP_0004,denied,0.0,89208.0,41819.0,0.658671895549854,1.275894619411292,car,69918.0,bank,89208.0,60,,"{""consolidated_amount"": 103371.8, ""term_months"": 72, ""apr"": 0.19, ""note"": ""Refinance current loans/debt and reduce requested amount by 15% to fit affordability.""}","{""ndi_value_ok"": true, ""ndi_ratio_ok"": false}",loan_amount,Top factor: loan_amount,USD
APP_0005,approved,1.0,17185.0,128256.0,0.1496772080838311,0.4086024062009509,real_estate,42058.0,non-bank,17185.0,48,"{""term_months"": 48, ""apr"": 0.15, ""amount"": 17185.0}",,"{""ndi_value_ok"": true, ""ndi_ratio_ok"": true}",income,Top factor: income,USD
APP_0006,denied,4.9317162356880445e-05,92500.0,92008.0,0.4502543257108028,2.4442447944191303,deposit,37844.0,bank,92500.0,72,"{""term_months"": 72, ""apr"": 0.22, ""amount"": 92500.0}","{""consolidated_amount"": 120052.0, ""term_months"": 84, ""apr"": 0.19, ""note"": ""Refinance current loans/debt and reduce requested amount by 15% to fit affordability.""}","{""ndi_value_ok"": true, ""ndi_ratio_ok"": true}",loan_amount,Top factor: loan_amount,USD
APP_0007,denied,0.0,85771.0,65385.0,0.2837195075323043,1.1493447323988804,real_estate,74626.0,bank,85771.0,48,"{""term_months"": 48, ""apr"": 0.15, ""amount"": 85771.0}","{""consolidated_amount"": 91456.35, ""term_months"": 60, ""apr"": 0.19, ""note"": ""Refinance current loans/debt and reduce requested amount by 15% to fit affordability.""}","{""ndi_value_ok"": true, ""ndi_ratio_ok"": true}",loan_amount,Top factor: loan_amount,USD
APP_0008,approved,1.0,52845.0,89277.0,0.3979300379717015,0.3004810426001302,land,175868.0,bank,52845.0,60,"{""term_months"": 60, ""apr"": 0.15, ""amount"": 52845.0}",,"{""ndi_value_ok"": true, ""ndi_ratio_ok"": true}",income,Top factor: income,USD
APP_0009,approved,1.0,74672.0,145872.0,0.1590915323022913,9.003134796237159,real_estate,8294.0,non-bank,74672.0,24,"{""term_months"": 24, ""apr"": 0.15, ""amount"": 74672.0}",,"{""ndi_value_ok"": true, ""ndi_ratio_ok"": true}",income,Top factor: income,USD
APP_0010,approved,1.0,54426.0,132196.0,0.010045689733426,0.8724492249490908,real_estate,62383.0,bank,54426.0,72,"{""term_months"": 72, ""apr"": 0.15, ""amount"": 54426.0}",,"{""ndi_value_ok"": true, ""ndi_ratio_ok"": true}",income,Top factor: income,USD
APP_0011,approved,1.0,30532.0,129212.0,0.205282791072035,1.5545824847249716,deposit,19640.0,bank,30532.0,48,"{""term_months"": 48, ""apr"": 0.15, ""amount"": 30532.0}",,"{""ndi_value_ok"": true, ""ndi_ratio_ok"": true}",income,Top factor: income,USD
APP_0012,approved,1.0,80987.0,82849.0,0.0298374150563068,0.69933940676136,real_estate,115805.0,bank,80987.0,60,"{""term_months"": 60, ""apr"": 0.15, ""amount"": 80987.0}",,"{""ndi_value_ok"": true, ""ndi_ratio_ok"": true}",income,Top factor: income,USD
APP_0013,approved,1.0,28362.0,123017.0,0.378378598079937,0.5054263565891383,land,56115.0,bank,28362.0,36,"{""term_months"": 36, ""apr"": 0.15, ""amount"": 28362.0}",,"{""ndi_value_ok"": true, ""ndi_ratio_ok"": true}",income,Top factor: income,USD
APP_0014,approved,1.0,34872.0,73136.0,0.4112475388317598,0.2178696605626661,land,160059.0,bank,34872.0,72,"{""term_months"": 72, ""apr"": 0.22, ""amount"": 34872.0}",,"{""ndi_value_ok"": true, ""ndi_ratio_ok"": true}",income,Top factor: income,USD
APP_0015,approved,1.0,54332.0,110770.0,0.1679245283018852,0.451551241242319,real_estate,120323.0,bank,54332.0,12,"{""term_months"": 12, ""apr"": 0.15, ""amount"": 54332.0}",,"{""ndi_value_ok"": true, ""ndi_ratio_ok"": true}",income,Top factor: income,USD
APP_0016,approved,1.0,84551.0,104945.0,0.2316356186573897,0.5334649892109448,real_estate,158494.0,non-bank,84551.0,12,"{""term_months"": 12, ""apr"": 0.15, ""amount"": 84551.0}",,"{""ndi_value_ok"": true, ""ndi_ratio_ok"": true}",income,Top factor: income,USD
APP_0017,denied,1.0,41472.0,56224.0,0.5506189527603773,0.3192560545642074,deposit,129902.0,bank,41472.0,48,,"{""consolidated_amount"": 66209.2, ""term_months"": 60, ""apr"": 0.19, ""note"": ""Refinance current loans/debt and reduce requested amount by 15% to fit affordability.""}","{""ndi_value_ok"": true, ""ndi_ratio_ok"": false}",income,Top factor: income,USD
APP_0018,approved,1.0,51943.0,58307.0,0.2231121477695607,0.5635564717370015,land,92170.0,non-bank,51943.0,60,"{""term_months"": 60, ""apr"": 0.15, ""amount"": 51943.0}",,"{""ndi_value_ok"": true, ""ndi_ratio_ok"": true}",income,Top factor: income,USD
APP_0019,approved,1.0,8958.0,32641.0,0.4417450445758266,0.0516892184299353,real_estate,173305.0,bank,8958.0,60,"{""term_months"": 60, ""apr"": 0.22, ""amount"": 8958.0}",,"{""ndi_value_ok"": true, ""ndi_ratio_ok"": true}",income,Top factor: income,USD
APP_0020,approved,1.0,16006.0,42471.0,0.4928539473993903,0.1609597650868338,deposit,99441.0,bank,16006.0,36,"{""term_months"": 36, ""apr"": 0.22, ""amount"": 16006.0}",,"{""ndi_value_ok"": true, ""ndi_ratio_ok"": true}",income,Top factor: income,USD
APP_0021,approved,1.0,10314.0,79202.0,0.1632282013080457,0.0541738669131818,car,190387.0,bank,10314.0,48,"{""term_months"": 48, ""apr"": 0.15, ""amount"": 10314.0}",,"{""ndi_value_ok"": true, ""ndi_ratio_ok"": true}",income,Top factor: income,USD
APP_0022,approved,1.0,11845.0,84734.0,0.447223074562744,0.0595279975073119,real_estate,198982.0,bank,11845.0,48,"{""term_months"": 48, ""apr"": 0.22, ""amount"": 11845.0}",,"{""ndi_value_ok"": true, ""ndi_ratio_ok"": true}",income,Top factor: income,USD
APP_0023,denied,0.0,87509.0,45640.0,0.1137160385626618,0.7226654114227139,deposit,121092.0,bank,87509.0,72,"{""term_months"": 72, ""apr"": 0.15, ""amount"": 87509.0}","{""consolidated_amount"": 79572.65, ""term_months"": 84, ""apr"": 0.19, ""note"": ""Refinance current loans/debt and reduce requested amount by 15% to fit affordability.""}","{""ndi_value_ok"": true, ""ndi_ratio_ok"": true}",loan_amount,Top factor: loan_amount,USD
APP_0024,denied,1.640024562028725e-132,84989.0,77111.0,0.5359805993956693,0.6180029377117798,real_estate,137522.0,bank,84989.0,48,,"{""consolidated_amount"": 113570.65, ""term_months"": 60, ""apr"": 0.19, ""note"": ""Refinance current loans/debt and reduce requested amount by 15% to fit affordability.""}","{""ndi_value_ok"": true, ""ndi_ratio_ok"": false}",loan_amount,Top factor: loan_amount,USD
APP_0025,approved,1.0,83079.0,100522.0,0.1733550864487358,1.4553050606968057,land,57087.0,bank,83079.0,36,"{""term_months"": 36, ""apr"": 0.15, ""amount"": 83079.0}",,"{""ndi_value_ok"": true, ""ndi_ratio_ok"": true}",income,Top factor: income,USD
APP_0026,denied,1.0,10278.0,54071.0,0.5189658042203673,0.0625144455933333,deposit,164410.0,non-bank,10278.0,72,,"{""consolidated_amount"": 36797.3, ""term_months"": 84, ""apr"": 0.19, ""note"": ""Refinance current loans/debt and reduce requested amount by 15% to fit affordability.""}","{""ndi_value_ok"": true, ""ndi_ratio_ok"": false}",income,Top factor: income,USD
APP_0027,approved,1.0,12376.0,67279.0,0.1172282584461701,0.0903720471722217,land,136945.0,bank,12376.0,12,"{""term_months"": 12, ""apr"": 0.15, ""amount"": 12376.0}",,"{""ndi_value_ok"": true, ""ndi_ratio_ok"": true}",income,Top factor: income,USD
APP_0028,approved,1.0,31658.0,70938.0,0.2716174687755466,0.1746262893706207,land,181290.0,non-bank,31658.0,72,"{""term_months"": 72, ""apr"": 0.15, ""amount"": 31658.0}",,"{""ndi_value_ok"": true, ""ndi_ratio_ok"": true}",income,Top factor: income,USD
APP_0029,approved,1.0,58703.0,88131.0,0.4281013491279977,0.9905171686492704,car,59265.0,non-bank,58703.0,12,"{""term_months"": 12, ""apr"": 0.22, ""amount"": 58703.0}",,"{""ndi_value_ok"": true, ""ndi_ratio_ok"": true}",income,Top factor: income,USD
APP_0030,approved,1.0,36742.0,70799.0,0.191160892102993,0.230766815101401,real_estate,159217.0,bank,36742.0,24,"{""term_months"": 24, ""apr"": 0.15, ""amount"": 36742.0}",,"{""ndi_value_ok"": true, ""ndi_ratio_ok"": true}",income,Top factor: income,USD
APP_0031,approved,1.0,51318.0,117118.0,0.0564644204989834,0.522097424001948,land,98292.0,bank,51318.0,60,"{""term_months"": 60, ""apr"": 0.15, ""amount"": 51318.0}",,"{""ndi_value_ok"": true, ""ndi_ratio_ok"": true}",income,Top factor: income,USD
APP_0032,approved,1.0,21434.0,65936.0,0.3957625576316367,0.4921247187399437,deposit,43554.0,bank,21434.0,60,"{""term_months"": 60, ""apr"": 0.15, ""amount"": 21434.0}",,"{""ndi_value_ok"": true, ""ndi_ratio_ok"": true}",income,Top factor: income,USD
APP_0033,approved,1.0,74423.0,79237.0,0.1025278594595946,1.821013482101304,real_estate,40869.0,bank,74423.0,72,"{""term_months"": 72, ""apr"": 0.15, ""amount"": 74423.0}",,"{""ndi_value_ok"": true, ""ndi_ratio_ok"": true}",income,Top factor: income,USD
APP_0034,approved,1.0,34819.0,72433.0,0.2172628498060246,0.3003294921335883,deposit,115936.0,bank,34819.0,60,"{""term_months"": 60, ""apr"": 0.15, ""amount"": 34819.0}",,"{""ndi_value_ok"": true, ""ndi_ratio_ok"": true}",income,Top factor: income,USD
APP_0035,approved,1.0,11321.0,47864.0,0.4705624268761393,0.1632820838261147,car,69334.0,bank,11321.0,48,"{""term_months"": 48, ""apr"": 0.22, ""amount"": 11321.0}",,"{""ndi_value_ok"": true, ""ndi_ratio_ok"": true}",income,Top factor: income,USD
APP_0036,approved,1.0,75555.0,110717.0,0.254739561223658,2.741174763269501,land,27563.0,non-bank,75555.0,36,"{""term_months"": 36, ""apr"": 0.15, ""amount"": 75555.0}",,"{""ndi_value_ok"": true, ""ndi_ratio_ok"": true}",income,Top factor: income,USD
APP_0037,denied,0.0,90764.0,54430.0,0.5873231673709244,1.0083544416299937,real_estate,90012.0,non-bank,90764.0,12,,"{""consolidated_amount"": 109117.4, ""term_months"": 24, ""apr"": 0.19, ""note"": ""Refinance current loans/debt and reduce requested amount by 15% to fit affordability.""}","{""ndi_value_ok"": true, ""ndi_ratio_ok"": false}",loan_amount,Top factor: loan_amount,USD
APP_0038,denied,1.0,6394.0,62109.0,0.5447197668614767,0.0479450514018337,land,133361.0,bank,6394.0,12,,"{""consolidated_amount"": 39266.9, ""term_months"": 24, ""apr"": 0.19, ""note"": ""Refinance current loans/debt and reduce requested amount by 15% to fit affordability.""}","{""ndi_value_ok"": true, ""ndi_ratio_ok"": false}",income,Top factor: income,USD
APP_0039,approved,1.0,46483.0,124093.0,0.3401803486095078,0.6713509922296907,real_estate,69238.0,non-bank,46483.0,24,"{""term_months"": 24, ""apr"": 0.15, ""amount"": 46483.0}",,"{""ndi_value_ok"": true, ""ndi_ratio_ok"": true}",income,Top factor: income,USD
APP_0040,approved,1.0,83581.0,143607.0,0.0230002715745052,0.4366207483792755,car,191427.0,bank,83581.0,12,"{""term_months"": 12, ""apr"": 0.15, ""amount"": 83581.0}",,"{""ndi_value_ok"": true, ""ndi_ratio_ok"": true}",income,Top factor: income,USD
APP_0041,approved,1.0,72085.0,108855.0,0.1664232235542679,0.4571803669620007,land,157673.0,bank,72085.0,48,"{""term_months"": 48, ""apr"": 0.15, ""amount"": 72085.0}",,"{""ndi_value_ok"": true, ""ndi_ratio_ok"": true}",income,Top factor: income,USD
APP_0042,approved,1.0,86372.0,139543.0,0.0003798112409794,0.8114313629701927,real_estate,106444.0,bank,86372.0,60,"{""term_months"": 60, ""apr"": 0.15, ""amount"": 86372.0}",,"{""ndi_value_ok"": true, ""ndi_ratio_ok"": true}",income,Top factor: income,USD
APP_0043,approved,1.0,44444.0,131773.0,0.0035819173882358,0.237094098253961,car,187453.0,bank,44444.0,72,"{""term_months"": 72, ""apr"": 0.15, ""amount"": 44444.0}",,"{""ndi_value_ok"": true, ""ndi_ratio_ok"": true}",income,Top factor: income,USD
APP_0044,approved,1.0,40364.0,85113.0,0.1246930551149633,0.4429276857236865,land,91130.0,bank,40364.0,36,"{""term_months"": 36, ""apr"": 0.15, ""amount"": 40364.0}",,"{""ndi_value_ok"": true, ""ndi_ratio_ok"": true}",income,Top factor: income,USD
APP_0045,approved,1.0,72371.0,121286.0,0.2465824579918519,2.0786707261028816,real_estate,34816.0,bank,72371.0,72,"{""term_months"": 72, ""apr"": 0.15, ""amount"": 72371.0}",,"{""ndi_value_ok"": true, ""ndi_ratio_ok"": true}",income,Top factor: income,USD
APP_0046,denied,1.0,19593.0,66045.0,0.6771897948368434,1.316645386734674,car,14881.0,bank,19593.0,72,,"{""consolidated_amount"": 61379.05, ""term_months"": 84, ""apr"": 0.19, ""note"": ""Refinance current loans/debt and reduce requested amount by 15% to fit affordability.""}","{""ndi_value_ok"": true, ""ndi_ratio_ok"": false}",income,Top factor: income,USD
APP_0047,approved,1.0,27745.0,82562.0,0.4684600663743554,0.1475013290802756,car,188100.0,bank,27745.0,72,"{""term_months"": 72, ""apr"": 0.22, ""amount"": 27745.0}",,"{""ndi_value_ok"": true, ""ndi_ratio_ok"": true}",income,Top factor: income,USD
APP_0048,approved,1.0,62079.0,91929.0,0.3515104047688939,0.3228640079885148,land,192276.0,non-bank,62079.0,36,"{""term_months"": 36, ""apr"": 0.15, ""amount"": 62079.0}",,"{""ndi_value_ok"": true, ""ndi_ratio_ok"": true}",income,Top factor: income,USD
APP_0049,approved,1.0,68503.0,145061.0,0.2682181978615874,0.456881602817199,deposit,149936.0,bank,68503.0,24,"{""term_months"": 24, ""apr"": 0.15, ""amount"": 68503.0}",,"{""ndi_value_ok"": true, ""ndi_ratio_ok"": true}",income,Top factor: income,USD
APP_0050,approved,1.0,16368.0,131070.0,0.0655985351338974,0.5892857142856931,deposit,27776.0,non-bank,16368.0,72,"{""term_months"": 72, ""apr"": 0.15, ""amount"": 16368.0}",,"{""ndi_value_ok"": true, ""ndi_ratio_ok"": true}",income,Top factor: income,USD
APP_0051,approved,1.0,53289.0,86156.0,0.4873833511305018,0.8277260018639201,real_estate,64380.0,non-bank,53289.0,24,"{""term_months"": 24, ""apr"": 0.22, ""amount"": 53289.0}",,"{""ndi_value_ok"": true, ""ndi_ratio_ok"": true}",income,Top factor: income,USD
APP_0052,approved,1.0,39667.0,106573.0,0.4176761468664632,2.49682130043416,real_estate,15887.0,non-bank,39667.0,36,"{""term_months"": 36, ""apr"": 0.22, ""amount"": 39667.0}",,"{""ndi_value_ok"": true, ""ndi_ratio_ok"": true}",income,Top factor: income,USD
APP_0053,denied,1.0760017372872818e-39,52665.0,50294.0,0.094484431542528,2.9522394753067465,real_estate,17839.0,bank,52665.0,12,"{""term_months"": 12, ""apr"": 0.15, ""amount"": 52665.0}","{""consolidated_amount"": 49517.25, ""term_months"": 24, ""apr"": 0.19, ""note"": ""Refinance current loans/debt and reduce requested amount by 15% to fit affordability.""}","{""ndi_value_ok"": true, ""ndi_ratio_ok"": true}",loan_amount,Top factor: loan_amount,USD
APP_0054,approved,1.0,96050.0,125548.0,0.1871555102430927,1.7386503511693263,land,55244.0,bank,96050.0,60,"{""term_months"": 60, ""apr"": 0.15, ""amount"": 96050.0}",,"{""ndi_value_ok"": true, ""ndi_ratio_ok"": true}",income,Top factor: income,USD
APP_0055,approved,1.0,12277.0,94129.0,0.4408949420476108,0.1041739145191801,real_estate,117851.0,bank,12277.0,48,"{""term_months"": 48, ""apr"": 0.22, ""amount"": 12277.0}",,"{""ndi_value_ok"": true, ""ndi_ratio_ok"": true}",income,Top factor: income,USD
APP_0056,denied,1.4222089241167597e-135,99569.0,91590.0,0.2598973687083714,4.837908750789328,real_estate,20581.0,bank,99569.0,12,"{""term_months"": 12, ""apr"": 0.15, ""amount"": 99569.0}","{""consolidated_amount"": 108437.65, ""term_months"": 24, ""apr"": 0.19, ""note"": ""Refinance current loans/debt and reduce requested amount by 15% to fit affordability.""}","{""ndi_value_ok"": true, ""ndi_ratio_ok"": true}",loan_amount,Top factor: loan_amount,USD
APP_0057,approved,1.0,47709.0,120785.0,0.3479157180113396,0.242124815395623,deposit,197043.0,bank,47709.0,24,"{""term_months"": 24, ""apr"": 0.15, ""amount"": 47709.0}",,"{""ndi_value_ok"": true, ""ndi_ratio_ok"": true}",income,Top factor: income,USD
APP_0058,approved,1.0,78349.0,104114.0,0.4492863591831987,0.8214233293493445,deposit,95382.0,bank,78349.0,48,"{""term_months"": 48, ""apr"": 0.22, ""amount"": 78349.0}",,"{""ndi_value_ok"": true, ""ndi_ratio_ok"": true}",income,Top factor: income,USD
APP_0059,denied,2.0146118284601436e-194,45324.0,34058.0,0.6968406835398234,0.7726823280711792,deposit,58658.0,non-bank,45324.0,48,,"{""consolidated_amount"": 62258.4, ""term_months"": 60, ""apr"": 0.19, ""note"": ""Refinance current loans/debt and reduce requested amount by 15% to fit affordability.""}","{""ndi_value_ok"": true, ""ndi_ratio_ok"": false}",loan_amount,Top factor: loan_amount,USD
APP_0060,approved,1.0,34541.0,61019.0,0.048738917386387,0.3225478111459703,car,107088.0,non-bank,34541.0,60,"{""term_months"": 60, ""apr"": 0.15, ""amount"": 34541.0}",,"{""ndi_value_ok"": true, ""ndi_ratio_ok"": true}",income,Top factor: income,USD
APP_0061,denied,0.0,78206.0,47089.0,0.3610609696532022,0.489678102048097,land,159709.0,bank,78206.0,24,"{""term_months"": 24, ""apr"": 0.15, ""amount"": 78206.0}","{""consolidated_amount"": 83477.1, ""term_months"": 36, ""apr"": 0.19, ""note"": ""Refinance current loans/debt and reduce requested amount by 15% to fit affordability.""}","{""ndi_value_ok"": true, ""ndi_ratio_ok"": true}",loan_amount,Top factor: loan_amount,USD
APP_0062,approved,1.0,70328.0,116861.0,0.0920580861022916,1.0340376104568092,land,68013.0,bank,70328.0,72,"{""term_months"": 72, ""apr"": 0.15, ""amount"": 70328.0}",,"{""ndi_value_ok"": true, ""ndi_ratio_ok"": true}",income,Top factor: income,USD
APP_0063,denied,1.0,18685.0,29393.0,0.8064845371346645,1.0912860647120026,real_estate,17122.0,bank,18685.0,36,,"{""consolidated_amount"": 39587.25, ""term_months"": 48, ""apr"": 0.19, ""note"": ""Refinance current loans/debt and reduce requested amount by 15% to fit affordability.""}","{""ndi_value_ok"": true, ""ndi_ratio_ok"": false}",income,Top factor: income,USD
APP_0064,denied,0.0,72013.0,50300.0,0.5822664015904457,4.049313990103236,land,17784.0,bank,72013.0,60,,"{""consolidated_amount"": 90499.05, ""term_months"": 72, ""apr"": 0.19, ""note"": ""Refinance current loans/debt and reduce requested amount by 15% to fit affordability.""}","{""ndi_value_ok"": true, ""ndi_ratio_ok"": false}",loan_amount,Top factor: loan_amount,USD
APP_0065,approved,1.0,76542.0,99680.0,0.2326845906902063,0.4460983442222598,land,171581.0,bank,76542.0,24,"{""term_months"": 24, ""apr"": 0.15, ""amount"": 76542.0}",,"{""ndi_value_ok"": true, ""ndi_ratio_ok"": true}",income,Top factor: income,USD
APP_0066,approved,1.0,41844.0,111849.0,0.0873856717538816,1.4219594250177925,car,29427.0,bank,41844.0,12,"{""term_months"": 12, ""apr"": 0.15, ""amount"": 41844.0}",,"{""ndi_value_ok"": true, ""ndi_ratio_ok"": true}",income,Top factor: income,USD
APP_0067,denied,1.5442346181024344e-82,92936.0,87913.0,0.1712829729391538,0.7147383640446617,deposit,130028.0,bank,92936.0,12,"{""term_months"": 12, ""apr"": 0.15, ""amount"": 92936.0}","{""consolidated_amount"": 94053.6, ""term_months"": 24, ""apr"": 0.19, ""note"": ""Refinance current loans/debt and reduce requested amount by 15% to fit affordability.""}","{""ndi_value_ok"": true, ""ndi_ratio_ok"": true}",loan_amount,Top factor: loan_amount,USD
APP_0068,approved,1.0,65884.0,132589.0,0.2562505185196339,0.8051916308173542,land,81824.0,bank,65884.0,36,"{""term_months"": 36, ""apr"": 0.15, ""amount"": 65884.0}",,"{""ndi_value_ok"": true, ""ndi_ratio_ok"": true}",income,Top factor: income,USD
APP_0069,approved,1.0,36694.0,139867.0,0.009644876918787,0.2332992122479846,land,157283.0,non-bank,36694.0,72,"{""term_months"": 72, ""apr"": 0.15, ""amount"": 36694.0}",,"{""ndi_value_ok"": true, ""ndi_ratio_ok"": true}",income,Top factor: income,USD
APP_0070,approved,1.0,6019.0,41512.0,0.2578531508961202,0.3067631619183371,land,19621.0,bank,6019.0,12,"{""term_months"": 12, ""apr"": 0.15, ""amount"": 6019.0}",,"{""ndi_value_ok"": true, ""ndi_ratio_ok"": true}",income,Top factor: income,USD
APP_0071,approved,1.0,69121.0,144063.0,0.3097047819356788,0.383205082716102,deposit,180376.0,non-bank,69121.0,36,"{""term_months"": 36, ""apr"": 0.15, ""amount"": 69121.0}",,"{""ndi_value_ok"": true, ""ndi_ratio_ok"": true}",income,Top factor: income,USD
APP_0072,approved,1.0,24860.0,101797.0,0.0486949517176336,0.1750063357080493,land,142052.0,bank,24860.0,12,"{""term_months"": 12, ""apr"": 0.15, ""amount"": 24860.0}",,"{""ndi_value_ok"": true, ""ndi_ratio_ok"": true}",income,Top factor: income,USD
APP_0073,approved,1.0,76870.0,104527.0,0.1983889330029542,0.8155016390659889,car,94261.0,bank,76870.0,72,"{""term_months"": 72, ""apr"": 0.15, ""amount"": 76870.0}",,"{""ndi_value_ok"": true, ""ndi_ratio_ok"": true}",income,Top factor: income,USD
APP_0074,denied,0.0,54883.0,36886.0,0.2805671528493119,1.1494544159842264,deposit,47747.0,non-bank,54883.0,60,"{""term_months"": 60, ""apr"": 0.15, ""amount"": 54883.0}","{""consolidated_amount"": 56999.55, ""term_months"": 72, ""apr"": 0.19, ""note"": ""Refinance current loans/debt and reduce requested amount by 15% to fit affordability.""}","{""ndi_value_ok"": true, ""ndi_ratio_ok"": true}",loan_amount,Top factor: loan_amount,USD
APP_0075,approved,1.0,49339.0,102733.0,0.0509281340951782,0.2522301915536434,land,195611.0,non-bank,49339.0,60,"{""term_months"": 60, ""apr"": 0.15, ""amount"": 49339.0}",,"{""ndi_value_ok"": true, ""ndi_ratio_ok"": true}",income,Top factor: income,USD
APP_0076,approved,1.0,20556.0,115714.0,0.1826572411289888,0.3114687031228645,deposit,65997.0,non-bank,20556.0,60,"{""term_months"": 60, ""apr"": 0.15, ""amount"": 20556.0}",,"{""ndi_value_ok"": true, ""ndi_ratio_ok"": true}",income,Top factor: income,USD
APP_0077,approved,1.0,72593.0,97598.0,0.2671366216520803,0.7104562626005528,real_estate,102178.0,non-bank,72593.0,48,"{""term_months"": 48, ""apr"": 0.15, ""amount"": 72593.0}",,"{""ndi_value_ok"": true, ""ndi_ratio_ok"": true}",income,Top factor: income,USD
APP_0078,approved,1.0,20761.0,35561.0,0.2476308315289151,0.248123625585617,car,83672.0,bank,20761.0,60,"{""term_months"": 60, ""apr"": 0.15, ""amount"": 20761.0}",,"{""ndi_value_ok"": true, ""ndi_ratio_ok"": true}",income,Top factor: income,USD
APP_0079,approved,1.0,44686.0,90403.0,0.0430184838998701,0.8549889983736563,deposit,52265.0,bank,44686.0,12,"{""term_months"": 12, ""apr"": 0.15, ""amount"": 44686.0}",,"{""ndi_value_ok"": true, ""ndi_ratio_ok"": true}",income,Top factor: income,USD
APP_0080,approved,1.0,84448.0,141992.0,0.0474252070539182,0.959756333178,land,87989.0,bank,84448.0,72,"{""term_months"": 72, ""apr"": 0.15, ""amount"": 84448.0}",,"{""ndi_value_ok"": true, ""ndi_ratio_ok"": true}",income,Top factor: income,USD
APP_0081,approved,1.0,92434.0,115427.0,0.2822303273930684,2.492490225158353,deposit,37085.0,bank,92434.0,60,"{""term_months"": 60, ""apr"": 0.15, ""amount"": 92434.0}",,"{""ndi_value_ok"": true, ""ndi_ratio_ok"": true}",income,Top factor: income,USD
APP_0082,denied,0.0,98967.0,42175.0,1.0198933017190035,11.897932195237807,real_estate,8318.0,bank,98967.0,60,,"{""consolidated_amount"": 127135.95, ""term_months"": 72, ""apr"": 0.19, ""note"": ""Refinance current loans/debt and reduce requested amount by 15% to fit affordability.""}","{""ndi_value_ok"": false, ""ndi_ratio_ok"": false}",loan_amount,Top factor: loan_amount,USD
APP_0083,approved,1.0,96011.0,144992.0,0.0621689472522617,1.50775778133733,real_estate,63678.0,bank,96011.0,36,"{""term_months"": 36, ""apr"": 0.15, ""amount"": 96011.0}",,"{""ndi_value_ok"": true, ""ndi_ratio_ok"": true}",income,Top factor: income,USD
APP_0084,approved,1.0,57817.0,144860.0,0.1105826315062811,1.9587695226478992,deposit,29517.0,non-bank,57817.0,60,"{""term_months"": 60, ""apr"": 0.15, ""amount"": 57817.0}",,"{""ndi_value_ok"": true, ""ndi_ratio_ok"": true}",income,Top factor: income,USD
APP_0085,approved,1.0,24045.0,46174.0,0.3722874344869327,0.2743704143227144,car,87637.0,non-bank,24045.0,36,"{""term_months"": 36, ""apr"": 0.15, ""amount"": 24045.0}",,"{""ndi_value_ok"": true, ""ndi_ratio_ok"": true}",income,Top factor: income,USD
APP_0086,approved,1.0,84711.0,125110.0,0.144169131164574,0.4878260869565189,land,173650.0,non-bank,84711.0,12,"{""term_months"": 12, ""apr"": 0.15, ""amount"": 84711.0}",,"{""ndi_value_ok"": true, ""ndi_ratio_ok"": true}",income,Top factor: income,USD
APP_0087,denied,1.4870092300054483e-89,81154.0,75839.0,0.1610648874589569,2.0695687654603816,car,39213.0,bank,81154.0,72,"{""term_months"": 72, ""apr"": 0.15, ""amount"": 81154.0}","{""consolidated_amount"": 81195.9, ""term_months"": 84, ""apr"": 0.19, ""note"": ""Refinance current loans/debt and reduce requested amount by 15% to fit affordability.""}","{""ndi_value_ok"": true, ""ndi_ratio_ok"": true}",loan_amount,Top factor: loan_amount,USD
APP_0088,approved,0.9999995250547498,99080.0,99210.0,0.0278500151194433,12.030111704709563,car,8236.0,bank,99080.0,24,"{""term_months"": 24, ""apr"": 0.15, ""amount"": 99080.0}",,"{""ndi_value_ok"": true, ""ndi_ratio_ok"": true}",income,Top factor: income,USD
APP_0089,approved,1.0,66840.0,80648.0,0.3255753397480368,2.278895329014583,deposit,29330.0,non-bank,66840.0,12,"{""term_months"": 12, ""apr"": 0.15, ""amount"": 66840.0}",,"{""ndi_value_ok"": true, ""ndi_ratio_ok"": true}",income,Top factor: income,USD
APP_0090,approved,1.0,18451.0,122828.0,0.1454717165467145,0.1747783419217928,real_estate,105568.0,bank,18451.0,48,"{""term_months"": 48, ""apr"": 0.15, ""amount"": 18451.0}",,"{""ndi_value_ok"": true, ""ndi_ratio_ok"": true}",income,Top factor: income,USD
APP_0091,approved,1.0,52775.0,149582.0,0.1143987912984175,0.8684669562927715,deposit,60768.0,non-bank,52775.0,24,"{""term_months"": 24, ""apr"": 0.15, ""amount"": 52775.0}",,"{""ndi_value_ok"": true, ""ndi_ratio_ok"": true}",income,Top factor: income,USD
APP_0092,approved,1.0,47583.0,124389.0,0.1064402800890745,0.4665731879510466,deposit,101984.0,bank,47583.0,72,"{""term_months"": 72, ""apr"": 0.15, ""amount"": 47583.0}",,"{""ndi_value_ok"": true, ""ndi_ratio_ok"": true}",income,Top factor: income,USD
APP_0093,approved,1.0,85079.0,141421.0,0.3285650645943648,6.248916636062707,land,13615.0,bank,85079.0,36,"{""term_months"": 36, ""apr"": 0.15, ""amount"": 85079.0}",,"{""ndi_value_ok"": true, ""ndi_ratio_ok"": true}",income,Top factor: income,USD
APP_0094,approved,1.0,42294.0,143253.0,0.2130775620754873,0.5877922005725799,car,71954.0,bank,42294.0,12,"{""term_months"": 12, ""apr"": 0.15, ""amount"": 42294.0}",,"{""ndi_value_ok"": true, ""ndi_ratio_ok"": true}",income,Top factor: income,USD
APP_0095,denied,0.9997746933573832,36216.0,36263.0,0.577282629677617,0.4174995676984216,real_estate,86745.0,bank,36216.0,72,,"{""consolidated_amount"": 51717.6, ""term_months"": 84, ""apr"": 0.19, ""note"": ""Refinance current loans/debt and reduce requested amount by 15% to fit affordability.""}","{""ndi_value_ok"": true, ""ndi_ratio_ok"": false}",income,Top factor: income,USD
APP_0096,approved,1.0,12604.0,56672.0,0.1812005928853723,0.1387891734754538,land,90814.0,bank,12604.0,48,"{""term_months"": 48, ""apr"": 0.15, ""amount"": 12604.0}",,"{""ndi_value_ok"": true, ""ndi_ratio_ok"": true}",income,Top factor: income,USD
APP_0097,approved,1.0,84368.0,115232.0,0.3476117745070783,0.7412275307058324,car,113822.0,bank,84368.0,24,"{""term_months"": 24, ""apr"": 0.15, ""amount"": 84368.0}",,"{""ndi_value_ok"": true, ""ndi_ratio_ok"": true}",income,Top factor: income,USD
APP_0098,approved,1.0,76756.0,98759.0,0.4497615407203348,0.4861944245618227,real_estate,157871.0,non-bank,76756.0,60,"{""term_months"": 60, ""apr"": 0.22, ""amount"": 76756.0}",,"{""ndi_value_ok"": true, ""ndi_ratio_ok"": true}",income,Top factor: income,USD
APP_0099,approved,1.0,8916.0,31268.0,0.0516502494563115,0.0912514840135905,car,97708.0,non-bank,8916.0,48,"{""term_months"": 48, ""apr"": 0.15, ""amount"": 8916.0}",,"{""ndi_value_ok"": true, ""ndi_ratio_ok"": true}",income,Top factor: income,USD
APP_0100,denied,8.138341429692667e-159,46209.0,36881.0,1.260350858165417,0.2726017780556998,deposit,169511.0,bank,46209.0,12,,"{""consolidated_amount"": 85760.65, ""term_months"": 24, ""apr"": 0.19, ""note"": ""Refinance current loans/debt and reduce requested amount by 15% to fit affordability.""}","{""ndi_value_ok"": false, ""ndi_ratio_ok"": false}",loan_amount,Top factor: loan_amount,USD
APP_0101,approved,1.0,50573.0,90068.0,0.3882733046142871,0.4609740313009829,car,109709.0,bank,50573.0,60,"{""term_months"": 60, ""apr"": 0.15, ""amount"": 50573.0}",,"{""ndi_value_ok"": true, ""ndi_ratio_ok"": true}",income,Top factor: income,USD
APP_0102,approved,1.0,49586.0,102020.0,0.0489217800431283,0.8551374469699435,real_estate,57986.0,bank,49586.0,36,"{""term_months"": 36, ""apr"": 0.15, ""amount"": 49586.0}",,"{""ndi_value_ok"": true, ""ndi_ratio_ok"": true}",income,Top factor: income,USD
APP_0103,denied,0.0,92298.0,45964.0,0.8192716038638758,1.7759519732157978,land,51971.0,non-bank,92298.0,60,,"{""consolidated_amount"": 116110.3, ""term_months"": 72, ""apr"": 0.19, ""note"": ""Refinance current loans/debt and reduce requested amount by 15% to fit affordability.""}","{""ndi_value_ok"": true, ""ndi_ratio_ok"": false}",loan_amount,Top factor: loan_amount,USD
APP_0104,approved,1.0,19313.0,46411.0,0.11570532847816,0.2762235761892463,real_estate,69918.0,bank,19313.0,72,"{""term_months"": 72, ""apr"": 0.15, ""amount"": 19313.0}",,"{""ndi_value_ok"": true, ""ndi_ratio_ok"": true}",income,Top factor: income,USD
APP_0105,approved,1.0,34102.0,41167.0,0.0617727791677785,0.2779004669431903,deposit,122713.0,bank,34102.0,48,"{""term_months"": 48, ""apr"": 0.15, ""amount"": 34102.0}",,"{""ndi_value_ok"": true, ""ndi_ratio_ok"": true}",income,Top factor: income,USD
APP_0106,approved,1.0,22188.0,95618.0,0.0603024535129362,0.4067013710682527,deposit,54556.0,bank,22188.0,60,"{""term_months"": 60, ""apr"": 0.15, ""amount"": 22188.0}",,"{""ndi_value_ok"": true, ""ndi_ratio_ok"": true}",income,Top factor: income,USD
APP_0107,denied,3.827005523538002e-35,28188.0,25981.0,0.8849159000807942,0.1535955013322717,deposit,183521.0,bank,28188.0,24,,"{""consolidated_amount"": 46950.8, ""term_months"": 36, ""apr"": 0.19, ""note"": ""Refinance current loans/debt and reduce requested amount by 15% to fit affordability.""}","{""ndi_value_ok"": true, ""ndi_ratio_ok"": false}",loan_amount,Top factor: loan_amount,USD
APP_0108,approved,1.0,91174.0,96553.0,0.3208393317659697,0.9105289964347326,deposit,100133.0,non-bank,91174.0,24,"{""term_months"": 24, ""apr"": 0.15, ""amount"": 91174.0}",,"{""ndi_value_ok"": true, ""ndi_ratio_ok"": true}",income,Top factor: income,USD
APP_0109,denied,2.0593376430727885e-166,94368.0,84491.0,0.2410434247434609,0.5431314317287075,real_estate,173748.0,non-bank,94368.0,36,"{""term_months"": 36, ""apr"": 0.15, ""amount"": 94368.0}","{""consolidated_amount"": 100578.8, ""term_months"": 48, ""apr"": 0.19, ""note"": ""Refinance current loans/debt and reduce requested amount by 15% to fit affordability.""}","{""ndi_value_ok"": true, ""ndi_ratio_ok"": true}",loan_amount,Top factor: loan_amount,USD
APP_0110,approved,1.0,9241.0,83248.0,0.0732510090332491,0.0663936487408839,real_estate,139185.0,bank,9241.0,72,"{""term_months"": 72, ""apr"": 0.15, ""amount"": 9241.0}",,"{""ndi_value_ok"": true, ""ndi_ratio_ok"": true}",income,Top factor: income,USD
APP_0111,approved,1.0,65048.0,109909.0,0.0906022254774396,0.903406802494328,car,72003.0,bank,65048.0,48,"{""term_months"": 48, ""apr"": 0.15, ""amount"": 65048.0}",,"{""ndi_value_ok"": true, ""ndi_ratio_ok"": true}",income,Top factor: income,USD
APP_0112,approved,1.0,27120.0,90328.0,0.4718249047914215,0.5233096634763715,car,51824.0,non-bank,27120.0,36,"{""term_months"": 36, ""apr"": 0.22, ""amount"": 27120.0}",,"{""ndi_value_ok"": true, ""ndi_ratio_ok"": true}",income,Top factor: income,USD
APP_0113,approved,1.0,23293.0,115968.0,0.4150369067328882,0.1544249753044667,deposit,150837.0,bank,23293.0,60,"{""term_months"": 60, ""apr"": 0.22, ""amount"": 23293.0}",,"{""ndi_value_ok"": true, ""ndi_ratio_ok"": true}",income,Top factor: income,USD
APP_0114,approved,1.0,32745.0,120490.0,0.3129969292057406,0.4579656228584151,land,71501.0,bank,32745.0,72,"{""term_months"": 72, ""apr"": 0.15, ""amount"": 32745.0}",,"{""ndi_value_ok"": true, ""ndi_ratio_ok"": true}",income,Top factor: income,USD
APP_0115,approved,1.0,23466.0,140014.0,0.0369248789406771,0.4235892992526729,land,55398.0,non-bank,23466.0,72,"{""term_months"": 72, ""apr"": 0.15, ""amount"": 23466.0}",,"{""ndi_value_ok"": true, ""ndi_ratio_ok"": true}",income,Top factor: income,USD
APP_0116,approved,1.0,51568.0,124905.0,0.3281694087506479,0.2763069767940274,deposit,186633.0,bank,51568.0,24,"{""term_months"": 24, ""apr"": 0.15, ""amount"": 51568.0}",,"{""ndi_value_ok"": true, ""ndi_ratio_ok"": true}",income,Top factor: income,USD
APP_0117,denied,2.941439234923176e-167,99583.0,89713.0,0.3856631703320546,0.9892613049352202,land,100664.0,bank,99583.0,60,"{""term_months"": 60, ""apr"": 0.15, ""amount"": 99583.0}","{""consolidated_amount"": 119244.55, ""term_months"": 72, ""apr"": 0.19, ""note"": ""Refinance current loans/debt and reduce requested amount by 15% to fit affordability.""}","{""ndi_value_ok"": true, ""ndi_ratio_ok"": true}",loan_amount,Top factor: loan_amount,USD
APP_0118,approved,1.0,60712.0,86519.0,0.3040141471815404,3.504300144299942,car,17325.0,bank,60712.0,48,"{""term_months"": 48, ""apr"": 0.15, ""amount"": 60712.0}",,"{""ndi_value_ok"": true, ""ndi_ratio_ok"": true}",income,Top factor: income,USD
APP_0119,denied,0.0,73708.0,54463.0,0.131483759616618,0.7156463906014785,car,102995.0,bank,73708.0,36,"{""term_months"": 36, ""apr"": 0.15, ""amount"": 73708.0}","{""consolidated_amount"": 69812.8, ""term_months"": 48, ""apr"": 0.19, ""note"": ""Refinance current loans/debt and reduce requested amount by 15% to fit affordability.""}","{""ndi_value_ok"": true, ""ndi_ratio_ok"": true}",loan_amount,Top factor: loan_amount,USD
APP_0120,approved,1.0,51862.0,99949.0,0.4985842779817657,0.5376138990535567,land,96467.0,bank,51862.0,36,"{""term_months"": 36, ""apr"": 0.22, ""amount"": 51862.0}",,"{""ndi_value_ok"": true, ""ndi_ratio_ok"": true}",income,Top factor: income,USD
APP_0121,denied,1.0,6321.0,42391.0,0.522044773654773,0.0363524479385324,real_estate,173881.0,bank,6321.0,12,,"{""consolidated_amount"": 27502.85, ""term_months"": 24, ""apr"": 0.19, ""note"": ""Refinance current loans/debt and reduce requested amount by 15% to fit affordability.""}","{""ndi_value_ok"": true, ""ndi_ratio_ok"": false}",income,Top factor: income,USD
APP_0122,approved,1.0,12990.0,141404.0,0.0156148340923876,0.0898222225295425,land,144619.0,bank,12990.0,24,"{""term_months"": 24, ""apr"": 0.15, ""amount"": 12990.0}",,"{""ndi_value_ok"": true, ""ndi_ratio_ok"": true}",income,Top factor: income,USD
APP_0123,approved,1.0,30542.0,130630.0,0.0803643879660102,0.6826553419758453,land,44740.0,non-bank,30542.0,48,"{""term_months"": 48, ""apr"": 0.15, ""amount"": 30542.0}",,"{""ndi_value_ok"": true, ""ndi_ratio_ok"": true}",income,Top factor: income,USD
APP_0124,denied,1.0,28148.0,39966.0,0.5020017014462168,0.7630872665166384,land,36887.0,bank,28148.0,72,,"{""consolidated_amount"": 43988.8, ""term_months"": 84, ""apr"": 0.19, ""note"": ""Refinance current loans/debt and reduce requested amount by 15% to fit affordability.""}","{""ndi_value_ok"": true, ""ndi_ratio_ok"": false}",income,Top factor: income,USD
APP_0125,approved,1.0,84855.0,123244.0,0.0252831780857483,0.6849221083218929,land,123890.0,non-bank,84855.0,72,"{""term_months"": 72, ""apr"": 0.15, ""amount"": 84855.0}",,"{""ndi_value_ok"": true, ""ndi_ratio_ok"": true}",income,Top factor: income,USD
APP_0126,denied,0.0,85140.0,39637.0,0.4086081186769834,4.980403626791168,deposit,17095.0,bank,85140.0,24,"{""term_months"": 24, ""apr"": 0.22, ""amount"": 85140.0}","{""consolidated_amount"": 88565.0, ""term_months"": 36, ""apr"": 0.19, ""note"": ""Refinance current loans/debt and reduce requested amount by 15% to fit affordability.""}","{""ndi_value_ok"": true, ""ndi_ratio_ok"": true}",loan_amount,Top factor: loan_amount,USD
APP_0127,approved,1.0,86141.0,115153.0,0.2033815879742585,1.2438953950123284,deposit,69251.0,bank,86141.0,60,"{""term_months"": 60, ""apr"": 0.15, ""amount"": 86141.0}",,"{""ndi_value_ok"": true, ""ndi_ratio_ok"": true}",income,Top factor: income,USD
APP_0128,denied,0.0,65570.0,35963.0,1.318911103078127,1.8986535398870164,land,34535.0,non-bank,65570.0,12,,"{""consolidated_amount"": 103166.5, ""term_months"": 24, ""apr"": 0.19, ""note"": ""Refinance current loans/debt and reduce requested amount by 15% to fit affordability.""}","{""ndi_value_ok"": false, ""ndi_ratio_ok"": false}",loan_amount,Top factor: loan_amount,USD
APP_0129,approved,1.0,57836.0,86024.0,0.0501952943364636,4.841047961831017,car,11947.0,non-bank,57836.0,60,"{""term_months"": 60, ""apr"": 0.15, ""amount"": 57836.0}",,"{""ndi_value_ok"": true, ""ndi_ratio_ok"": true}",income,Top factor: income,USD
APP_0130,approved,1.0,66669.0,107232.0,0.2689775440167089,0.361518106000627,real_estate,184414.0,bank,66669.0,36,"{""term_months"": 36, ""apr"": 0.15, ""amount"": 66669.0}",,"{""ndi_value_ok"": true, ""ndi_ratio_ok"": true}",income,Top factor: income,USD
APP_0131,approved,1.0,43646.0,116101.0,0.3943807546877254,1.728896811249684,deposit,25245.0,non-bank,43646.0,36,"{""term_months"": 36, ""apr"": 0.15, ""amount"": 43646.0}",,"{""ndi_value_ok"": true, ""ndi_ratio_ok"": true}",income,Top factor: income,USD
APP_0132,denied,1.0,68669.0,77326.0,0.5212865013061516,7.023524598546893,deposit,9777.0,bank,68669.0,60,,"{""consolidated_amount"": 98677.65, ""term_months"": 72, ""apr"": 0.19, ""note"": ""Refinance current loans/debt and reduce requested amount by 15% to fit affordability.""}","{""ndi_value_ok"": true, ""ndi_ratio_ok"": false}",income,Top factor: income,USD
APP_0133,approved,1.0,80472.0,140202.0,0.3298597737550083,0.430067071052559,land,187115.0,bank,80472.0,36,"{""term_months"": 36, ""apr"": 0.15, ""amount"": 80472.0}",,"{""ndi_value_ok"": true, ""ndi_ratio_ok"": true}",income,Top factor: income,USD
APP_0134,approved,1.0,77475.0,121790.0,0.0699318499055745,1.754534954820261,deposit,44157.0,bank,77475.0,60,"{""term_months"": 60, ""apr"": 0.15, ""amount"": 77475.0}",,"{""ndi_value_ok"": true, ""ndi_ratio_ok"": true}",income,Top factor: income,USD
APP_0135,denied,1.0995227397038652e-209,63313.0,51033.0,0.7851194325240377,0.3842297865626058,deposit,164779.0,bank,63313.0,48,,"{""consolidated_amount"": 93883.05, ""term_months"": 60, ""apr"": 0.19, ""note"": ""Refinance current loans/debt and reduce requested amount by 15% to fit affordability.""}","{""ndi_value_ok"": true, ""ndi_ratio_ok"": false}",loan_amount,Top factor: loan_amount,USD
APP_0136,approved,1.0,10520.0,108903.0,0.4493080998686863,0.751106668570559,deposit,14006.0,non-bank,10520.0,72,"{""term_months"": 72, ""apr"": 0.22, ""amount"": 10520.0}",,"{""ndi_value_ok"": true, ""ndi_ratio_ok"": true}",income,Top factor: income,USD
APP_0137,approved,1.0,73870.0,116316.0,0.1401440902369395,1.9708126567418505,land,37482.0,bank,73870.0,48,"{""term_months"": 48, ""apr"": 0.15, ""amount"": 73870.0}",,"{""ndi_value_ok"": true, ""ndi_ratio_ok"": true}",income,Top factor: income,USD
APP_0138,approved,1.0,39827.0,66704.0,0.3737556968097809,1.362072503419926,real_estate,29240.0,bank,39827.0,24,"{""term_months"": 24, ""apr"": 0.15, ""amount"": 39827.0}",,"{""ndi_value_ok"": true, ""ndi_ratio_ok"": true}",income,Top factor: income,USD
APP_0139,approved,1.0,75648.0,117278.0,0.2263169562918857,0.526789320482998,real_estate,143602.0,bank,75648.0,60,"{""term_months"": 60, ""apr"": 0.15, ""amount"": 75648.0}",,"{""ndi_value_ok"": true, ""ndi_ratio_ok"": true}",income,Top factor: income,USD
APP_0140,approved,1.0,56255.0,137295.0,0.179780764048216,0.4427157112727009,real_estate,127068.0,non-bank,56255.0,36,"{""term_months"": 36, ""apr"": 0.15, ""amount"": 56255.0}",,"{""ndi_value_ok"": true, ""ndi_ratio_ok"": true}",income,Top factor: income,USD
APP_0141,approved,1.0,88712.0,127139.0,0.1139618842369366,0.8934096036094012,car,99296.0,bank,88712.0,48,"{""term_months"": 48, ""apr"": 0.15, ""amount"": 88712.0}",,"{""ndi_value_ok"": true, ""ndi_ratio_ok"": true}",income,Top factor: income,USD
APP_0142,approved,1.0,37153.0,120316.0,0.4034708600684829,0.6830348935544236,land,54394.0,bank,37153.0,12,"{""term_months"": 12, ""apr"": 0.22, ""amount"": 37153.0}",,"{""ndi_value_ok"": true, ""ndi_ratio_ok"": true}",income,Top factor: income,USD
APP_0143,approved,1.0,93482.0,104312.0,0.4584707416212855,3.730178364789764,car,25061.0,bank,93482.0,12,"{""term_months"": 12, ""apr"": 0.22, ""amount"": 93482.0}",,"{""ndi_value_ok"": true, ""ndi_ratio_ok"": true}",income,Top factor: income,USD
APP_0144,denied,0.0,85225.0,58816.0,0.3236534276387323,0.7266301752949941,real_estate,117288.0,bank,85225.0,48,"{""term_months"": 48, ""apr"": 0.15, ""amount"": 85225.0}","{""consolidated_amount"": 91477.25, ""term_months"": 60, ""apr"": 0.19, ""note"": ""Refinance current loans/debt and reduce requested amount by 15% to fit affordability.""}","{""ndi_value_ok"": true, ""ndi_ratio_ok"": true}",loan_amount,Top factor: loan_amount,USD
APP_0145,approved,1.0,36455.0,124402.0,0.3236603913120341,0.6970763141289043,real_estate,52297.0,bank,36455.0,24,"{""term_months"": 24, ""apr"": 0.15, ""amount"": 36455.0}",,"{""ndi_value_ok"": true, ""ndi_ratio_ok"": true}",income,Top factor: income,USD
APP_0146,approved,1.0,50844.0,70524.0,0.2818331348193482,0.4191003734019105,deposit,121317.0,non-bank,50844.0,72,"{""term_months"": 72, ""apr"": 0.15, ""amount"": 50844.0}",,"{""ndi_value_ok"": true, ""ndi_ratio_ok"": true}",income,Top factor: income,USD
APP_0147,approved,1.0,55478.0,91524.0,0.434203050565967,0.3962912431335824,deposit,139993.0,bank,55478.0,72,"{""term_months"": 72, ""apr"": 0.22, ""amount"": 55478.0}",,"{""ndi_value_ok"": true, ""ndi_ratio_ok"": true}",income,Top factor: income,USD
APP_0148,denied,5.064625806479355e-234,78019.0,64304.0,0.454668449863143,0.456008790643573,car,171091.0,bank,78019.0,60,"{""term_months"": 60, ""apr"": 0.22, ""amount"": 78019.0}","{""consolidated_amount"": 95553.15, ""term_months"": 72, ""apr"": 0.19, ""note"": ""Refinance current loans/debt and reduce requested amount by 15% to fit affordability.""}","{""ndi_value_ok"": true, ""ndi_ratio_ok"": true}",loan_amount,Top factor: loan_amount,USD
APP_0149,denied,7.316472632780549e-107,70469.0,64127.0,0.3665850577759701,0.685196168992166,deposit,102845.0,bank,70469.0,60,"{""term_months"": 60, ""apr"": 0.15, ""amount"": 70469.0}","{""consolidated_amount"": 83406.65, ""term_months"": 72, ""apr"": 0.19, ""note"": ""Refinance current loans/debt and reduce requested amount by 15% to fit affordability.""}","{""ndi_value_ok"": true, ""ndi_ratio_ok"": true}",loan_amount,Top factor: loan_amount,USD
APP_0150,denied,0.0,85941.0,44701.0,0.1432182725218643,9.645454545453465,land,8910.0,non-bank,85941.0,48,"{""term_months"": 48, ""apr"": 0.15, ""amount"": 85941.0}","{""consolidated_amount"": 79451.85, ""term_months"": 60, ""apr"": 0.19, ""note"": ""Refinance current loans/debt and reduce requested amount by 15% to fit affordability.""}","{""ndi_value_ok"": true, ""ndi_ratio_ok"": true}",loan_amount,Top factor: loan_amount,USD
APP_0151,approved,1.0,40137.0,145162.0,0.2254653421694367,0.648542528438459,deposit,61888.0,bank,40137.0,12,"{""term_months"": 12, ""apr"": 0.15, ""amount"": 40137.0}",,"{""ndi_value_ok"": true, ""ndi_ratio_ok"": true}",income,Top factor: income,USD
APP_0152,denied,3.2563243860026482e-161,52955.0,43472.0,0.3692951785056964,0.3081538121341183,deposit,171846.0,bank,52955.0,36,"{""term_months"": 36, ""apr"": 0.15, ""amount"": 52955.0}","{""consolidated_amount"": 61065.75, ""term_months"": 48, ""apr"": 0.19, ""note"": ""Refinance current loans/debt and reduce requested amount by 15% to fit affordability.""}","{""ndi_value_ok"": true, ""ndi_ratio_ok"": true}",loan_amount,Top factor: loan_amount,USD
APP_0153,denied,4.1453840114641695e-174,45932.0,35782.0,0.3030015091386646,0.4161110305841388,land,110384.0,non-bank,45932.0,36,"{""term_months"": 36, ""apr"": 0.15, ""amount"": 45932.0}","{""consolidated_amount"": 49884.2, ""term_months"": 48, ""apr"": 0.19, ""note"": ""Refinance current loans/debt and reduce requested amount by 15% to fit affordability.""}","{""ndi_value_ok"": true, ""ndi_ratio_ok"": true}",loan_amount,Top factor: loan_amount,USD
APP_0154,approved,1.0,91407.0,142015.0,0.0680209836989045,0.720477654291789,car,126870.0,bank,91407.0,72,"{""term_months"": 72, ""apr"": 0.15, ""amount"": 91407.0}",,"{""ndi_value_ok"": true, ""ndi_ratio_ok"": true}",income,Top factor: income,USD
APP_0155,denied,1.0,33973.0,94376.0,0.520185216580481,0.3542470438572672,land,95902.0,non-bank,33973.0,24,,"{""consolidated_amount"": 77970.05, ""term_months"": 36, ""apr"": 0.19, ""note"": ""Refinance current loans/debt and reduce requested amount by 15% to fit affordability.""}","{""ndi_value_ok"": true, ""ndi_ratio_ok"": false}",income,Top factor: income,USD
APP_0156,approved,1.0,60776.0,79738.0,0.0647620958639536,1.548590939203956,car,39246.0,bank,60776.0,36,"{""term_months"": 36, ""apr"": 0.15, ""amount"": 60776.0}",,"{""ndi_value_ok"": true, ""ndi_ratio_ok"": true}",income,Top factor: income,USD
APP_0157,approved,1.0,16415.0,117186.0,0.3407062277063784,0.091109914690259,car,180167.0,non-bank,16415.0,36,"{""term_months"": 36, ""apr"": 0.15, ""amount"": 16415.0}",,"{""ndi_value_ok"": true, ""ndi_ratio_ok"": true}",income,Top factor: income,USD
APP_0158,denied,4.452813335957112e-219,85776.0,72914.0,0.5939462928929891,0.5484293779531049,land,156403.0,bank,85776.0,12,,"{""consolidated_amount"": 116216.6, ""term_months"": 24, ""apr"": 0.19, ""note"": ""Refinance current loans/debt and reduce requested amount by 15% to fit affordability.""}","{""ndi_value_ok"": true, ""ndi_ratio_ok"": false}",loan_amount,Top factor: loan_amount,USD
APP_0159,denied,8.884963868821824e-05,41500.0,40990.0,0.0378628933886304,0.2084641466783865,land,199075.0,bank,41500.0,12,"{""term_months"": 12, ""apr"": 0.15, ""amount"": 41500.0}","{""consolidated_amount"": 36827.0, ""term_months"": 24, ""apr"": 0.19, ""note"": ""Refinance current loans/debt and reduce requested amount by 15% to fit affordability.""}","{""ndi_value_ok"": true, ""ndi_ratio_ok"": true}",loan_amount,Top factor: loan_amount,USD
APP_0160,approved,1.0,37356.0,116210.0,0.2535582135788636,0.2168657912152971,land,172254.0,bank,37356.0,36,"{""term_months"": 36, ""apr"": 0.15, ""amount"": 37356.0}",,"{""ndi_value_ok"": true, ""ndi_ratio_ok"": true}",income,Top factor: income,USD
APP_0161,denied,1.4453713429139753e-230,60377.0,46999.0,0.614268388689108,0.9449113416905184,car,63897.0,non-bank,60377.0,12,,"{""consolidated_amount"": 80190.45, ""term_months"": 24, ""apr"": 0.19, ""note"": ""Refinance current loans/debt and reduce requested amount by 15% to fit affordability.""}","{""ndi_value_ok"": true, ""ndi_ratio_ok"": false}",loan_amount,Top factor: loan_amount,USD
APP_0162,approved,1.0,52387.0,94124.0,0.1905252645446412,0.9220141504452652,car,56818.0,bank,52387.0,12,"{""term_months"": 12, ""apr"": 0.15, ""amount"": 52387.0}",,"{""ndi_value_ok"": true, ""ndi_ratio_ok"": true}",income,Top factor: income,USD
APP_0163,approved,1.0,85557.0,143633.0,0.232084548815382,1.53583930206255,real_estate,55707.0,non-bank,85557.0,36,"{""term_months"": 36, ""apr"": 0.15, ""amount"": 85557.0}",,"{""ndi_value_ok"": true, ""ndi_ratio_ok"": true}",income,Top factor: income,USD
APP_0164,approved,1.0,55484.0,142017.0,0.143877141468978,0.3008763177302487,land,184408.0,non-bank,55484.0,24,"{""term_months"": 24, ""apr"": 0.15, ""amount"": 55484.0}",,"{""ndi_value_ok"": true, ""ndi_ratio_ok"": true}",income,Top factor: income,USD
APP_0165,approved,1.0,54114.0,70097.0,0.3136225516070543,0.4708390251542189,land,114931.0,bank,54114.0,48,"{""term_months"": 48, ""apr"": 0.15, ""amount"": 54114.0}",,"{""ndi_value_ok"": true, ""ndi_ratio_ok"": true}",income,Top factor: income,USD
APP_0166,approved,1.0,14973.0,122537.0,0.1760692688738897,0.1571885990236716,deposit,95255.0,bank,14973.0,12,"{""term_months"": 12, ""apr"": 0.15, ""amount"": 14973.0}",,"{""ndi_value_ok"": true, ""ndi_ratio_ok"": true}",income,Top factor: income,USD
APP_0167,approved,1.0,7084.0,101584.0,0.394087651598673,0.0365331655544437,land,193906.0,bank,7084.0,24,"{""term_months"": 24, ""apr"": 0.15, ""amount"": 7084.0}",,"{""ndi_value_ok"": true, ""ndi_ratio_ok"": true}",income,Top factor: income,USD
APP_0168,approved,1.0,42862.0,84921.0,0.372781761872795,0.3460603760788623,car,123857.0,bank,42862.0,36,"{""term_months"": 36, ""apr"": 0.15, ""amount"": 42862.0}",,"{""ndi_value_ok"": true, ""ndi_ratio_ok"": true}",income,Top factor: income,USD
APP_0169,denied,0.0,99829.0,42491.0,0.4460238638770458,0.5466787141996575,real_estate,182610.0,bank,99829.0,72,"{""term_months"": 72, ""apr"": 0.22, ""amount"": 99829.0}","{""consolidated_amount"": 103806.65, ""term_months"": 84, ""apr"": 0.19, ""note"": ""Refinance current loans/debt and reduce requested amount by 15% to fit affordability.""}","{""ndi_value_ok"": true, ""ndi_ratio_ok"": true}",loan_amount,Top factor: loan_amount,USD
APP_0170,denied,0.0,92147.0,72044.0,0.6431902726111731,0.4676278342772442,real_estate,197052.0,bank,92147.0,48,,"{""consolidated_amount"": 124662.95, ""term_months"": 60, ""apr"": 0.19, ""note"": ""Refinance current loans/debt and reduce requested amount by 15% to fit affordability.""}","{""ndi_value_ok"": true, ""ndi_ratio_ok"": false}",loan_amount,Top factor: loan_amount,USD
APP_0171,approved,1.0,64753.0,106489.0,0.3765834968869989,2.784715950629906,car,23253.0,non-bank,64753.0,72,"{""term_months"": 72, ""apr"": 0.15, ""amount"": 64753.0}",,"{""ndi_value_ok"": true, ""ndi_ratio_ok"": true}",income,Top factor: income,USD
APP_0172,approved,1.0,64929.0,148328.0,0.3144247883069932,0.8387242617614277,car,77414.0,bank,64929.0,36,"{""term_months"": 36, ""apr"": 0.15, ""amount"": 64929.0}",,"{""ndi_value_ok"": true, ""ndi_ratio_ok"": true}",income,Top factor: income,USD
APP_0173,denied,9.091240869605e-286,42192.0,25611.0,1.426145015813462,0.2832552331592284,car,148954.0,non-bank,42192.0,36,,"{""consolidated_amount"": 72388.2, ""term_months"": 48, ""apr"": 0.19, ""note"": ""Refinance current loans/debt and reduce requested amount by 15% to fit affordability.""}","{""ndi_value_ok"": false, ""ndi_ratio_ok"": false}",loan_amount,Top factor: loan_amount,USD
APP_0174,approved,1.0,21863.0,114720.0,0.1706241283124113,0.1332086323921857,car,164126.0,bank,21863.0,36,"{""term_months"": 36, ""apr"": 0.15, ""amount"": 21863.0}",,"{""ndi_value_ok"": true, ""ndi_ratio_ok"": true}",income,Top factor: income,USD
APP_0175,approved,1.0,5811.0,130792.0,0.2954844332986704,0.1591662329836435,deposit,36509.0,non-bank,5811.0,72,"{""term_months"": 72, ""apr"": 0.15, ""amount"": 5811.0}",,"{""ndi_value_ok"": true, ""ndi_ratio_ok"": true}",income,Top factor: income,USD
APP_0176,approved,1.0,37191.0,143899.0,0.1144066324296894,0.5379708383961039,real_estate,69132.0,non-bank,37191.0,72,"{""term_months"": 72, ""apr"": 0.15, ""amount"": 37191.0}",,"{""ndi_value_ok"": true, ""ndi_ratio_ok"": true}",income,Top factor: income,USD
APP_0177,approved,1.0,35064.0,77975.0,0.1737223469060574,0.3096186279790522,car,113249.0,bank,35064.0,72,"{""term_months"": 72, ""apr"": 0.15, ""amount"": 35064.0}",,"{""ndi_value_ok"": true, ""ndi_ratio_ok"": true}",income,Top factor: income,USD
APP_0178,denied,1.0,23202.0,39809.0,0.5665050616694576,0.1437119072394818,real_estate,161448.0,bank,23202.0,60,,"{""consolidated_amount"": 42273.7, ""term_months"": 72, ""apr"": 0.19, ""note"": ""Refinance current loans/debt and reduce requested amount by 15% to fit affordability.""}","{""ndi_value_ok"": true, ""ndi_ratio_ok"": false}",income,Top factor: income,USD
APP_0179,denied,1.0,29620.0,58870.0,0.8232546288431999,0.9976759069015124,car,29689.0,bank,29620.0,48,,"{""consolidated_amount"": 73642.0, ""term_months"": 60, ""apr"": 0.19, ""note"": ""Refinance current loans/debt and reduce requested amount by 15% to fit affordability.""}","{""ndi_value_ok"": true, ""ndi_ratio_ok"": false}",income,Top factor: income,USD
APP_0180,approved,1.0,7358.0,131316.0,0.2162417374881947,0.0596562347981185,land,123340.0,bank,7358.0,48,"{""term_months"": 48, ""apr"": 0.15, ""amount"": 7358.0}",,"{""ndi_value_ok"": true, ""ndi_ratio_ok"": true}",income,Top factor: income,USD
APP_0181,approved,1.0,62756.0,134741.0,0.1423768563391978,0.9667113390945212,real_estate,64917.0,bank,62756.0,72,"{""term_months"": 72, ""apr"": 0.15, ""amount"": 62756.0}",,"{""ndi_value_ok"": true, ""ndi_ratio_ok"": true}",income,Top factor: income,USD
APP_0182,approved,1.0,93108.0,104634.0,0.2206739683085782,1.8794509487282625,car,49540.0,bank,93108.0,24,"{""term_months"": 24, ""apr"": 0.15, ""amount"": 93108.0}",,"{""ndi_value_ok"": true, ""ndi_ratio_ok"": true}",income,Top factor: income,USD
APP_0183,denied,0.0,70625.0,40342.0,0.3609141837291071,0.6603182617150916,real_estate,106956.0,bank,70625.0,36,"{""term_months"": 36, ""apr"": 0.15, ""amount"": 70625.0}","{""consolidated_amount"": 74591.25, ""term_months"": 48, ""apr"": 0.19, ""note"": ""Refinance current loans/debt and reduce requested amount by 15% to fit affordability.""}","{""ndi_value_ok"": true, ""ndi_ratio_ok"": true}",loan_amount,Top factor: loan_amount,USD
APP_0184,denied,2.125551254192356e-125,47579.0,40240.0,0.8185139165009737,0.5438035042803362,deposit,87493.0,bank,47579.0,72,,"{""consolidated_amount"": 73379.15, ""term_months"": 84, ""apr"": 0.19, ""note"": ""Refinance current loans/debt and reduce requested amount by 15% to fit affordability.""}","{""ndi_value_ok"": true, ""ndi_ratio_ok"": false}",loan_amount,Top factor: loan_amount,USD
APP_0185,approved,1.0,44925.0,84771.0,0.2066862488350944,0.3454281232699733,land,130056.0,bank,44925.0,36,"{""term_months"": 36, ""apr"": 0.15, ""amount"": 44925.0}",,"{""ndi_value_ok"": true, ""ndi_ratio_ok"": true}",income,Top factor: income,USD
APP_0186,approved,1.0,34215.0,98532.0,0.2813197742865233,0.4959701968515279,real_estate,68986.0,bank,34215.0,24,"{""term_months"": 24, ""apr"": 0.15, ""amount"": 34215.0}",,"{""ndi_value_ok"": true, ""ndi_ratio_ok"": true}",income,Top factor: income,USD
APP_0187,denied,1.0,18528.0,29047.0,0.6365545495231646,0.1115687549678438,real_estate,166068.0,bank,18528.0,48,,"{""consolidated_amount"": 34238.8, ""term_months"": 60, ""apr"": 0.19, ""note"": ""Refinance current loans/debt and reduce requested amount by 15% to fit affordability.""}","{""ndi_value_ok"": true, ""ndi_ratio_ok"": false}",income,Top factor: income,USD
APP_0188,approved,1.0,61855.0,110762.0,0.1447698669218672,2.689815620107728,real_estate,22996.0,non-bank,61855.0,24,"{""term_months"": 24, ""apr"": 0.15, ""amount"": 61855.0}",,"{""ndi_value_ok"": true, ""ndi_ratio_ok"": true}",income,Top factor: income,USD
APP_0189,denied,1.0,58819.0,93063.0,0.5212705371629914,0.3390534931980612,car,173480.0,bank,58819.0,72,,"{""consolidated_amount"": 98507.15, ""term_months"": 84, ""apr"": 0.19, ""note"": ""Refinance current loans/debt and reduce requested amount by 15% to fit affordability.""}","{""ndi_value_ok"": true, ""ndi_ratio_ok"": false}",income,Top factor: income,USD
APP_0190,denied,1.0,5694.0,26537.0,0.6513923955232072,0.414772727272697,deposit,13728.0,non-bank,5694.0,72,,"{""consolidated_amount"": 22125.9, ""term_months"": 84, ""apr"": 0.19, ""note"": ""Refinance current loans/debt and reduce requested amount by 15% to fit affordability.""}","{""ndi_value_ok"": true, ""ndi_ratio_ok"": false}",income,Top factor: income,USD
APP_0191,denied,1.3440282978621555e-127,44474.0,36959.0,0.0954030141508131,0.297901414016918,land,149291.0,bank,44474.0,24,"{""term_months"": 24, ""apr"": 0.15, ""amount"": 44474.0}","{""consolidated_amount"": 41328.9, ""term_months"": 36, ""apr"": 0.19, ""note"": ""Refinance current loans/debt and reduce requested amount by 15% to fit affordability.""}","{""ndi_value_ok"": true, ""ndi_ratio_ok"": true}",loan_amount,Top factor: loan_amount,USD
APP_0192,approved,1.0,31412.0,81789.0,0.2314369903043168,0.4215074540745753,deposit,74523.0,non-bank,31412.0,48,"{""term_months"": 48, ""apr"": 0.15, ""amount"": 31412.0}",,"{""ndi_value_ok"": true, ""ndi_ratio_ok"": true}",income,Top factor: income,USD
APP_0193,approved,1.0,21176.0,115323.0,0.2307172029863927,0.2595098039215654,car,81600.0,non-bank,21176.0,72,"{""term_months"": 72, ""apr"": 0.15, ""amount"": 21176.0}",,"{""ndi_value_ok"": true, ""ndi_ratio_ok"": true}",income,Top factor: income,USD
APP_0194,approved,1.0,71788.0,128174.0,0.036910761932997,6.159945083232696,car,11654.0,bank,71788.0,60,"{""term_months"": 60, ""apr"": 0.15, ""amount"": 71788.0}",,"{""ndi_value_ok"": true, ""ndi_ratio_ok"": true}",income,Top factor: income,USD
APP_0195,approved,1.0,54953.0,78912.0,0.1936841038118385,0.3848168455844739,car,142803.0,non-bank,54953.0,24,"{""term_months"": 24, ""apr"": 0.15, ""amount"": 54953.0}",,"{""ndi_value_ok"": true, ""ndi_ratio_ok"": true}",income,Top factor: income,USD
APP_0196,denied,7.496162691170304e-55,65208.0,61919.0,0.1340945428705222,1.6395041862569677,real_estate,39773.0,non-bank,65208.0,48,"{""term_months"": 48, ""apr"": 0.15, ""amount"": 65208.0}","{""consolidated_amount"": 63729.8, ""term_months"": 60, ""apr"": 0.19, ""note"": ""Refinance current loans/debt and reduce requested amount by 15% to fit affordability.""}","{""ndi_value_ok"": true, ""ndi_ratio_ok"": true}",loan_amount,Top factor: loan_amount,USD
APP_0197,approved,1.0,72780.0,146038.0,0.1714074418986827,0.5408819988406447,deposit,134558.0,bank,72780.0,48,"{""term_months"": 48, ""apr"": 0.15, ""amount"": 72780.0}",,"{""ndi_value_ok"": true, ""ndi_ratio_ok"": true}",income,Top factor: income,USD
APP_0198,denied,1.2642758057582325e-272,98271.0,82318.0,0.4392113511018192,0.6674432030427503,real_estate,147235.0,bank,98271.0,48,"{""term_months"": 48, ""apr"": 0.22, ""amount"": 98271.0}","{""consolidated_amount"": 119685.35, ""term_months"": 60, ""apr"": 0.19, ""note"": ""Refinance current loans/debt and reduce requested amount by 15% to fit affordability.""}","{""ndi_value_ok"": true, ""ndi_ratio_ok"": true}",loan_amount,Top factor: loan_amount,USD
APP_0199,denied,2.2392437977261934e-288,81262.0,64423.0,0.7516570169038892,0.4772117332706905,car,170285.0,non-bank,81262.0,12,,"{""consolidated_amount"": 117496.7, ""term_months"": 24, ""apr"": 0.19, ""note"": ""Refinance current loans/debt and reduce requested amount by 15% to fit affordability.""}","{""ndi_value_ok"": true, ""ndi_ratio_ok"": false}",loan_amount,Top factor: loan_amount,USD
APP_0200,approved,1.0,63933.0,80289.0,0.2422996923613416,0.4441241238459744,land,143953.0,bank,63933.0,24,"{""term_months"": 24, ""apr"": 0.15, ""amount"": 63933.0}",,"{""ndi_value_ok"": true, ""ndi_ratio_ok"": true}",income,Top factor: income,USD
