application_id,age,income,employment_length,loan_amount,loan_duration_months,collateral_value,collateral_type,co_loaners,credit_score,existing_debt,assets_owned,DTI,LTV,CCR,ITI,CWI,session_flagged,created_at,employment_years,debt_to_income,credit_history_length,num_delinquencies,current_loans,requested_amount,loan_term_months,score,decision,top_feature,explanation,rule_reasons,proposed_loan_option,proposed_consolidation_loan
APP_0001,54,79212,9,56765,72,106895,car,0,538,6715,117600,0.0847725092157743,0.5310351279292714,1.883114595261132,0.009953072486073,0.808250755095797,False,:47:29,9,0.0847725092157743,20,0,3,56765,72,3.2118246616309726e-30,denied,credit_score_vs_dti,Score=0.000 with DTI=0.08 and CS=538,"{""ndi_value_ok"": true, ""ndi_ratio_ok"": true}",,"{""type"": ""consolidation"", ""consolidate_amount"": 6715.0, ""term_months"": 36, ""apr"": 0.12, ""est_monthly"": 208.91, ""secured_by"": ""collateral""}"
APP_0002,63,42987,15,15505,48,146373,deposit,0,383,41958,216054,0.976062530532464,0.1059280058480723,9.440374072879107,0.0075143841935142,0.0642054631853725,False,:47:29,15,0.976062530532464,6,0,0,15505,48,1.8539803143115726e-90,denied,credit_score_vs_dti,Score=0.000 with DTI=0.98 and CS=383,"{""ndi_value_ok"": true, ""ndi_ratio_ok"": true}",,
APP_0003,32,141796,29,42138,60,62668,house,0,733,11726,144601,0.0826962678777956,0.6724005872215378,1.487208695239416,0.0049528900673382,0.4469183544655423,False,:47:29,29,0.0826962678777956,23,0,0,42138,60,1.0,approved,credit_score_vs_dti,Score=1.000 with DTI=0.08 and CS=733,"{""ndi_value_ok"": true, ""ndi_ratio_ok"": true}","{""type"": ""standard"", ""amount"": 42138.0, ""term_months"": 60, ""apr"": 0.1, ""est_monthly"": 772.53}",
APP_0004,55,26742,25,99718,48,192936,car,0,647,6916,17707,0.258619400194441,0.5168449641331814,1.934816181632184,0.0776852267328537,0.6930545814464217,False,:47:29,25,0.258619400194441,9,0,4,99718,48,0.9999999999988047,approved,credit_score_vs_dti,Score=1.000 with DTI=0.26 and CS=647,"{""ndi_value_ok"": true, ""ndi_ratio_ok"": true}","{""type"": ""standard"", ""amount"": 99718.0, ""term_months"": 48, ""apr"": 0.1, ""est_monthly"": 2285.2}",
APP_0005,32,46784,25,9196,24,127686,house,0,573,34994,163849,0.7479907660738555,0.0720204251053359,13.884949978249905,0.0081901219786827,0.7015782653049405,False,:47:29,25,0.7479907660738555,6,0,0,9196,24,4.558131750342321e-23,denied,credit_score_vs_dti,Score=0.000 with DTI=0.75 and CS=573,"{""ndi_value_ok"": true, ""ndi_ratio_ok"": true}",,
APP_0006,52,53707,13,88524,60,158144,land,0,516,38716,24343,0.7208743739177255,0.5597683124241163,1.7864533911707356,0.0274712793486022,0.2195192951950644,False,:47:29,13,0.7208743739177255,23,0,3,88524,60,4.785381557028554e-35,denied,credit_score_vs_dti,Score=0.000 with DTI=0.72 and CS=516,"{""ndi_value_ok"": true, ""ndi_ratio_ok"": true}",,"{""type"": ""consolidation"", ""consolidate_amount"": 38716.0, ""term_months"": 36, ""apr"": 0.12, ""est_monthly"": 1204.5, ""secured_by"": ""collateral""}"
APP_0007,55,59912,23,70027,24,96461,car,2,384,30245,279977,0.5048237414875066,0.7259617876654738,1.3774829708540794,0.0487012896672627,0.1869206051597159,False,:47:29,23,0.5048237414875066,19,0,1,70027,24,2.8567492210975843e-86,denied,credit_score_vs_dti,Score=0.000 with DTI=0.50 and CS=384,"{""ndi_value_ok"": true, ""ndi_ratio_ok"": true}",,"{""type"": ""consolidation"", ""consolidate_amount"": 30245.0, ""term_months"": 36, ""apr"": 0.12, ""est_monthly"": 940.96, ""secured_by"": ""collateral""}"
APP_0008,40,41477,11,31971,24,174425,deposit,0,807,5785,184451,0.1394748896979015,0.1832936792317604,5.455725501235324,0.0321171974816033,2.1083888902905312,False,:47:29,11,0.1394748896979015,20,0,0,31971,24,1.0,approved,credit_score_vs_dti,Score=1.000 with DTI=0.14 and CS=807,"{""ndi_value_ok"": true, ""ndi_ratio_ok"": true}","{""type"": ""standard"", ""amount"": 31971.0, ""term_months"": 24, ""apr"": 0.1, ""est_monthly"": 1465.34}",
APP_0009,53,27245,20,78908,48,22242,land,0,656,5767,117889,0.2116718663974963,3.547702544735026,0.2818725604501408,0.0603382883696956,0.0,False,:47:29,20,0.2116718663974963,29,0,1,78908,48,0.999999999999887,approved,credit_score_vs_dti,Score=1.000 with DTI=0.21 and CS=656,"{""ndi_value_ok"": true, ""ndi_ratio_ok"": true}","{""type"": ""standard"", ""amount"": 78908.0, ""term_months"": 48, ""apr"": 0.1, ""est_monthly"": 1808.31}",
APP_0010,32,109707,19,84505,72,29907,deposit,2,475,19503,150995,0.177773524023078,2.825592670612137,0.3539080527779379,0.0106983196654656,0.0,False,:47:29,19,0.177773524023078,11,0,4,84505,72,1.1483825766645397e-49,denied,credit_score_vs_dti,Score=0.000 with DTI=0.18 and CS=475,"{""ndi_value_ok"": true, ""ndi_ratio_ok"": true}",,"{""type"": ""consolidation"", ""consolidate_amount"": 19503.0, ""term_months"": 36, ""apr"": 0.12, ""est_monthly"": 606.76, ""secured_by"": ""collateral""}"
APP_0011,24,146163,7,9105,36,105366,land,0,527,22530,189562,0.1541429773608905,0.0864130744262847,11.572322899504494,0.0017303740800314,2.318291750363401,False,:47:29,7,0.1541429773608905,25,0,2,9105,36,3.516098813220577e-37,denied,credit_score_vs_dti,Score=0.000 with DTI=0.15 and CS=527,"{""ndi_value_ok"": true, ""ndi_ratio_ok"": true}",,"{""type"": ""consolidation"", ""consolidate_amount"": 22530.0, ""term_months"": 36, ""apr"": 0.12, ""est_monthly"": 700.93, ""secured_by"": ""collateral""}"
APP_0012,25,40229,7,15109,36,148623,car,0,699,49930,85453,1.241144448034969,0.1016599045908096,9.836719835858773,0.0104326342795688,0.0,False,:47:29,7,1.241144448034969,9,0,0,15109,36,1.0,approved,credit_score_vs_dti,Score=1.000 with DTI=1.24 and CS=699,"{""ndi_value_ok"": true, ""ndi_ratio_ok"": true}","{""type"": ""standard"", ""amount"": 15109.0, ""term_months"": 36, ""apr"": 0.12, ""est_monthly"": 470.06}",
APP_0013,40,62066,1,68246,12,163370,deposit,1,695,14323,93634,0.230770470144681,0.4177388749464381,2.393839932010632,0.0916309519896987,1.072182835594124,False,:47:29,1,0.230770470144681,17,2,0,68246,12,1.0,approved,credit_score_vs_dti,Score=1.000 with DTI=0.23 and CS=695,"{""ndi_value_ok"": true, ""ndi_ratio_ok"": true}","{""type"": ""standard"", ""amount"": 68246.0, ""term_months"": 12, ""apr"": 0.1, ""est_monthly"": 6255.88}",
APP_0014,60,88291,4,99914,12,92497,car,1,553,9629,131410,0.1090598135710309,1.0801863844232669,0.9257661588966418,0.0943036851544633,0.0,False,:47:29,4,0.1090598135710309,17,1,1,99914,12,1.3715560313998152e-21,denied,credit_score_vs_dti,Score=0.000 with DTI=0.11 and CS=553,"{""ndi_value_ok"": true, ""ndi_ratio_ok"": true}",,"{""type"": ""consolidation"", ""consolidate_amount"": 9629.0, ""term_months"": 36, ""apr"": 0.12, ""est_monthly"": 299.57, ""secured_by"": ""collateral""}"
APP_0015,26,140937,13,7276,12,132737,deposit,0,466,47295,84985,0.3355754698907999,0.0548151608067075,18.24312809235593,0.0043021586473587,1.8840119779420297,False,:47:29,13,0.3355754698907999,6,0,4,7276,12,1.6832623320563222e-57,denied,credit_score_vs_dti,Score=0.000 with DTI=0.34 and CS=466,"{""ndi_value_ok"": true, ""ndi_ratio_ok"": true}",,"{""type"": ""consolidation"", ""consolidate_amount"": 47295.0, ""term_months"": 36, ""apr"": 0.12, ""est_monthly"": 1471.4, ""secured_by"": ""collateral""}"
APP_0016,41,111782,14,68240,12,114195,deposit,0,662,7698,229793,0.0688661859691178,0.597574324620162,1.6734320046893072,0.0508728298491056,0.6270553110168393,False,:47:29,14,0.0688661859691178,5,1,0,68240,12,0.9999999999999918,approved,credit_score_vs_dti,Score=1.000 with DTI=0.07 and CS=662,"{""ndi_value_ok"": true, ""ndi_ratio_ok"": true}","{""type"": ""standard"", ""amount"": 68240.0, ""term_months"": 12, ""apr"": 0.1, ""est_monthly"": 6255.33}",
APP_0017,51,120773,4,17969,72,192612,land,0,662,1320,40106,0.010929595190978,0.093291176043029,10.719127386053165,0.0020664340907402,2.6903965906651006,False,:47:29,4,0.010929595190978,6,0,2,17969,72,0.9999999999998785,approved,credit_score_vs_dti,Score=1.000 with DTI=0.01 and CS=662,"{""ndi_value_ok"": true, ""ndi_ratio_ok"": true}","{""type"": ""standard"", ""amount"": 17969.0, ""term_months"": 72, ""apr"": 0.12, ""est_monthly"": 279.52}",
APP_0018,29,97639,12,66761,72,133587,land,0,629,21140,249717,0.2165118446522371,0.499756712853792,2.000973622324381,0.0094965752526984,0.784250976906715,False,:47:29,12,0.2165118446522371,20,0,1,66761,72,0.9763868189728366,approved,credit_score_vs_dti,Score=0.976 with DTI=0.22 and CS=629,"{""ndi_value_ok"": true, ""ndi_ratio_ok"": true}","{""type"": ""standard"", ""amount"": 66761.0, ""term_months"": 72, ""apr"": 0.1, ""est_monthly"": 1019.96}",
APP_0019,52,77129,18,64214,60,88034,car,0,340,20054,111072,0.2600059640342768,0.7294227230388176,1.3709471454822724,0.0138758875820441,0.2744986753154108,False,:47:29,18,0.2600059640342768,18,0,0,64214,60,3.2200076548367423e-99,denied,credit_score_vs_dti,Score=0.000 with DTI=0.26 and CS=340,"{""ndi_value_ok"": true, ""ndi_ratio_ok"": true}",,
APP_0020,34,49971,6,13591,12,194204,deposit,0,560,30983,172754,0.620019611374585,0.0699831105435517,14.289161945403997,0.0226648122558869,1.0601645372515829,False,:47:29,6,0.620019611374585,28,0,3,13591,12,9.969038425129239e-28,denied,credit_score_vs_dti,Score=0.000 with DTI=0.62 and CS=560,"{""ndi_value_ok"": true, ""ndi_ratio_ok"": true}",,"{""type"": ""consolidation"", ""consolidate_amount"": 30983.0, ""term_months"": 48, ""apr"": 0.14, ""est_monthly"": 735.85, ""secured_by"": ""collateral""}"
APP_0021,56,133039,10,69669,12,28592,land,0,637,43886,55749,0.3298731950781325,2.436660604364772,0.4103977378748021,0.0436394591023394,0.0,False,:47:29,10,0.3298731950781325,21,0,2,69669,12,0.9999999989079906,approved,credit_score_vs_dti,Score=1.000 with DTI=0.33 and CS=637,"{""ndi_value_ok"": true, ""ndi_ratio_ok"": true}","{""type"": ""standard"", ""amount"": 69669.0, ""term_months"": 12, ""apr"": 0.1, ""est_monthly"": 6386.33}",
APP_0022,46,125515,11,90218,24,197038,deposit,1,822,46645,121757,0.3716288889774101,0.457871070554916,2.1840209270876967,0.0299492756497364,0.744004545428103,False,:47:29,11,0.3716288889774101,7,0,0,90218,24,1.0,approved,credit_score_vs_dti,Score=1.000 with DTI=0.37 and CS=822,"{""ndi_value_ok"": true, ""ndi_ratio_ok"": true}","{""type"": ""standard"", ""amount"": 90218.0, ""term_months"": 24, ""apr"": 0.1, ""est_monthly"": 4134.99}",
APP_0023,45,28137,15,87027,48,37570,car,0,589,14481,228833,0.514660411557717,2.3163960606866567,0.4317051030140021,0.0644369513438591,0.0,False,:47:29,15,0.514660411557717,27,1,4,87027,48,1.7701947564897978e-12,denied,credit_score_vs_dti,Score=0.000 with DTI=0.51 and CS=589,"{""ndi_value_ok"": true, ""ndi_ratio_ok"": true}",,"{""type"": ""consolidation"", ""consolidate_amount"": 14481.0, ""term_months"": 48, ""apr"": 0.14, ""est_monthly"": 343.92, ""secured_by"": ""collateral""}"
APP_0024,28,114425,10,7754,36,63339,deposit,0,488,49041,88502,0.4285864103124279,0.1224206255229776,8.168558163527447,0.0018823586531169,1.5043823418170683,False,:47:29,10,0.4285864103124279,28,0,3,7754,36,5.014879193811171e-50,denied,credit_score_vs_dti,Score=0.000 with DTI=0.43 and CS=488,"{""ndi_value_ok"": true, ""ndi_ratio_ok"": true}",,"{""type"": ""consolidation"", ""consolidate_amount"": 49041.0, ""term_months"": 36, ""apr"": 0.12, ""est_monthly"": 1525.72, ""secured_by"": ""collateral""}"
APP_0025,41,35548,22,28362,36,165722,car,0,605,31633,48360,0.8898672217846043,0.1711420330432883,5.843099922431216,0.0221625220353163,0.2738532919407219,False,:47:29,22,0.8898672217846043,21,0,2,28362,36,4.305907636431521e-09,denied,credit_score_vs_dti,Score=0.000 with DTI=0.89 and CS=605,"{""ndi_value_ok"": true, ""ndi_ratio_ok"": true}",,"{""type"": ""consolidation"", ""consolidate_amount"": 31633.0, ""term_months"": 48, ""apr"": 0.14, ""est_monthly"": 751.28, ""secured_by"": ""collateral""}"
APP_0026,58,117373,9,27878,24,148880,house,1,397,3482,161356,0.0296661071967144,0.1872514777001599,5.340411794246167,0.0098965122582273,2.3659123125399653,False,:47:29,9,0.0296661071967144,20,0,2,27878,24,5.0307907867239625e-82,denied,credit_score_vs_dti,Score=0.000 with DTI=0.03 and CS=397,"{""ndi_value_ok"": true, ""ndi_ratio_ok"": true}",,"{""type"": ""consolidation"", ""consolidate_amount"": 3482.0, ""term_months"": 36, ""apr"": 0.12, ""est_monthly"": 108.33, ""secured_by"": ""collateral""}"
APP_0027,21,128244,13,48062,60,194308,house,0,349,46922,57122,0.3658806649823745,0.247349568725939,4.042861304148724,0.0062461661623154,1.4318105729407098,False,:47:29,13,0.3658806649823745,3,1,2,48062,60,7.997536656688374e-96,denied,credit_score_vs_dti,Score=0.000 with DTI=0.37 and CS=349,"{""ndi_value_ok"": true, ""ndi_ratio_ok"": true}",,"{""type"": ""consolidation"", ""consolidate_amount"": 46922.0, ""term_months"": 36, ""apr"": 0.12, ""est_monthly"": 1459.8, ""secured_by"": ""collateral""}"
APP_0028,54,41382,11,18587,24,151996,land,0,672,6899,101277,0.1667149968585335,0.1222861127924411,8.17754344434238,0.0187148599222136,2.1941574577771785,False,:47:29,11,0.1667149968585335,2,0,4,18587,24,0.9999999999999876,approved,credit_score_vs_dti,Score=1.000 with DTI=0.17 and CS=672,"{""ndi_value_ok"": true, ""ndi_ratio_ok"": true}","{""type"": ""standard"", ""amount"": 18587.0, ""term_months"": 24, ""apr"": 0.12, ""est_monthly"": 867.39}",
APP_0029,42,79229,5,86162,12,130305,car,0,842,29429,140633,0.371442274924581,0.6612332604274536,1.5123256191824526,0.0906254864515294,0.32202622569119,False,:47:29,5,0.371442274924581,7,0,0,86162,12,1.0,approved,credit_score_vs_dti,Score=1.000 with DTI=0.37 and CS=842,"{""ndi_value_ok"": true, ""ndi_ratio_ok"": true}","{""type"": ""standard"", ""amount"": 86162.0, ""term_months"": 12, ""apr"": 0.1, ""est_monthly"": 7898.18}",
APP_0030,52,40469,20,78792,60,74526,house,0,765,39536,173587,0.9769453161679068,1.0572417679735788,0.9458574474565824,0.0324495292687756,0.0,False,:47:29,20,0.9769453161679068,13,0,0,78792,60,1.0,approved,credit_score_vs_dti,Score=1.000 with DTI=0.98 and CS=765,"{""ndi_value_ok"": true, ""ndi_ratio_ok"": true}","{""type"": ""standard"", ""amount"": 78792.0, ""term_months"": 60, ""apr"": 0.1, ""est_monthly"": 1444.52}",
APP_0031,50,95910,7,81793,72,8904,car,0,621,12471,195419,0.1300281513919285,9.186096136566803,0.1088601714083098,0.0118445823050057,0.0,False,:47:29,7,0.1300281513919285,2,0,0,81793,72,0.959929723623893,approved,credit_score_vs_dti,Score=0.960 with DTI=0.13 and CS=621,"{""ndi_value_ok"": true, ""ndi_ratio_ok"": true}","{""type"": ""standard"", ""amount"": 81793.0, ""term_months"": 72, ""apr"": 0.1, ""est_monthly"": 1249.62}",
APP_0032,40,140945,8,23829,12,31782,land,1,322,13531,206229,0.0960019865905133,0.7497640173682981,1.3337529900540797,0.0140888289746674,0.3017120399784306,False,:47:29,8,0.0960019865905133,26,0,4,23829,12,3.2013510625493257e-108,denied,credit_score_vs_dti,Score=0.000 with DTI=0.10 and CS=322,"{""ndi_value_ok"": true, ""ndi_ratio_ok"": true}",,"{""type"": ""consolidation"", ""consolidate_amount"": 13531.0, ""term_months"": 36, ""apr"": 0.12, ""est_monthly"": 420.96, ""secured_by"": ""collateral""}"
APP_0033,34,35108,23,6384,36,65173,car,0,843,23808,254843,0.6781360373703806,0.0979546744817624,10.208803258143764,0.0050510804753447,0.8710076488284746,False,:47:29,23,0.6781360373703806,14,2,2,6384,36,1.0,approved,credit_score_vs_dti,Score=1.000 with DTI=0.68 and CS=843,"{""ndi_value_ok"": true, ""ndi_ratio_ok"": true}","{""type"": ""standard"", ""amount"": 6384.0, ""term_months"": 36, ""apr"": 0.12, ""est_monthly"": 198.61}",
APP_0034,48,74697,28,91510,60,15861,deposit,1,547,44242,29162,0.5922861694579354,5.769497509614414,0.1733253196371962,0.0204180444548138,0.0,False,:47:29,28,0.5922861694579354,20,0,3,91510,60,1.0244408380995755e-22,denied,credit_score_vs_dti,Score=0.000 with DTI=0.59 and CS=547,"{""ndi_value_ok"": true, ""ndi_ratio_ok"": true}",,"{""type"": ""consolidation"", ""consolidate_amount"": 44242.0, ""term_months"": 36, ""apr"": 0.12, ""est_monthly"": 1376.42, ""secured_by"": ""unsecured""}"
APP_0035,27,146640,20,32446,60,105570,deposit,2,459,11180,115073,0.0762411347517725,0.3073411006914814,3.253713863033864,0.0036877159482927,1.91954939648797,False,:47:29,20,0.0762411347517725,6,1,0,32446,60,3.1320598561166798e-58,denied,credit_score_vs_dti,Score=0.000 with DTI=0.08 and CS=459,"{""ndi_value_ok"": true, ""ndi_ratio_ok"": true}",,
APP_0036,46,62618,27,67345,72,157249,land,0,790,33172,10309,0.5297518285476935,0.4282698141164622,2.334976612963066,0.0149373538313139,0.6277703111774852,False,:47:29,27,0.5297518285476935,9,0,0,67345,72,1.0,approved,credit_score_vs_dti,Score=1.000 with DTI=0.53 and CS=790,"{""ndi_value_ok"": true, ""ndi_ratio_ok"": true}","{""type"": ""standard"", ""amount"": 67345.0, ""term_months"": 72, ""apr"": 0.1, ""est_monthly"": 1028.88}",
APP_0037,25,41527,25,91396,36,192944,deposit,0,710,22629,12738,0.5449225804897887,0.473691848411972,2.1110770712065943,0.0611355931732895,0.5056260864416674,False,:47:29,25,0.5449225804897887,3,0,1,91396,36,1.0,approved,credit_score_vs_dti,Score=1.000 with DTI=0.54 and CS=710,"{""ndi_value_ok"": true, ""ndi_ratio_ok"": true}","{""type"": ""standard"", ""amount"": 91396.0, ""term_months"": 36, ""apr"": 0.1, ""est_monthly"": 2792.66}",
APP_0038,49,86073,14,8435,36,102022,car,0,712,5592,71560,0.0649681084660687,0.0826782458685373,12.095080023709295,0.0027221725227312,2.5731752847322964,False,:47:29,14,0.0649681084660687,22,0,2,8435,36,1.0,approved,credit_score_vs_dti,Score=1.000 with DTI=0.06 and CS=712,"{""ndi_value_ok"": true, ""ndi_ratio_ok"": true}","{""type"": ""standard"", ""amount"": 8435.0, ""term_months"": 36, ""apr"": 0.12, ""est_monthly"": 262.42}",
APP_0039,48,88546,23,5519,60,176000,house,1,452,35543,183461,0.4014071781898629,0.0313579545454543,31.88983511505129,0.0010388197471574,1.7394665259377384,False,:47:29,23,0.4014071781898629,23,0,1,5519,60,1.6405045910972334e-65,denied,credit_score_vs_dti,Score=0.000 with DTI=0.40 and CS=452,"{""ndi_value_ok"": true, ""ndi_ratio_ok"": true}",,"{""type"": ""consolidation"", ""consolidate_amount"": 35543.0, ""term_months"": 36, ""apr"": 0.12, ""est_monthly"": 1105.78, ""secured_by"": ""collateral""}"
APP_0040,24,107858,9,5515,12,197223,house,0,845,41626,269408,0.3859333568210018,0.0279632700040054,35.761196736167584,0.0042610036649579,1.7906859955059915,False,:47:29,9,0.3859333568210018,6,0,0,5515,12,1.0,approved,credit_score_vs_dti,Score=1.000 with DTI=0.39 and CS=845,"{""ndi_value_ok"": true, ""ndi_ratio_ok"": true}","{""type"": ""standard"", ""amount"": 5515.0, ""term_months"": 12, ""apr"": 0.12, ""est_monthly"": 514.73}",
APP_0041,54,64217,13,19850,24,173087,deposit,0,549,28781,234326,0.4481835028107752,0.1146822118356658,8.719748110830794,0.0128795075026684,1.4655988822924648,False,:47:29,13,0.4481835028107752,21,1,2,19850,24,1.3428676705791675e-31,denied,credit_score_vs_dti,Score=0.000 with DTI=0.45 and CS=549,"{""ndi_value_ok"": true, ""ndi_ratio_ok"": true}",,"{""type"": ""consolidation"", ""consolidate_amount"": 28781.0, ""term_months"": 36, ""apr"": 0.12, ""est_monthly"": 895.41, ""secured_by"": ""collateral""}"
APP_0042,39,144452,16,9907,48,97274,deposit,0,592,8817,197424,0.0610375764959982,0.1018463309825842,9.818714040576378,0.001428819492489,2.529997637218811,False,:47:29,16,0.0610375764959982,2,1,3,9907,48,2.3834678268279548e-14,denied,credit_score_vs_dti,Score=0.000 with DTI=0.06 and CS=592,"{""ndi_value_ok"": true, ""ndi_ratio_ok"": true}",,"{""type"": ""consolidation"", ""consolidate_amount"": 8817.0, ""term_months"": 36, ""apr"": 0.12, ""est_monthly"": 274.31, ""secured_by"": ""collateral""}"
APP_0043,55,90127,28,82898,60,70449,land,1,713,7786,235667,0.0863892063421606,1.1767093926102403,0.8498274988540031,0.0153298493604612,0.0,False,:47:29,28,0.0863892063421606,11,0,1,82898,60,1.0,approved,credit_score_vs_dti,Score=1.000 with DTI=0.09 and CS=713,"{""ndi_value_ok"": true, ""ndi_ratio_ok"": true}","{""type"": ""standard"", ""amount"": 82898.0, ""term_months"": 60, ""apr"": 0.1, ""est_monthly"": 1519.8}",
APP_0044,22,60805,25,62562,12,195760,house,0,662,21174,59868,0.3482279417810978,0.3195852063751516,3.12905597647129,0.0857413041619185,1.330426051450371,False,:47:29,25,0.3482279417810978,4,0,1,62562,12,0.9999999999999971,approved,credit_score_vs_dti,Score=1.000 with DTI=0.35 and CS=662,"{""ndi_value_ok"": true, ""ndi_ratio_ok"": true}","{""type"": ""standard"", ""amount"": 62562.0, ""term_months"": 12, ""apr"": 0.1, ""est_monthly"": 5734.85}",
APP_0045,28,145035,14,98104,48,54447,car,0,394,25320,253552,0.1745785500051699,1.8018256285929104,0.5549926608497048,0.0140920007811268,0.0,False,:47:29,14,0.1745785500051699,22,0,3,98104,48,5.484733958493043e-78,denied,credit_score_vs_dti,Score=0.000 with DTI=0.17 and CS=394,"{""ndi_value_ok"": true, ""ndi_ratio_ok"": true}",,"{""type"": ""consolidation"", ""consolidate_amount"": 25320.0, ""term_months"": 36, ""apr"": 0.12, ""est_monthly"": 787.73, ""secured_by"": ""collateral""}"
APP_0046,42,140601,19,81140,36,87022,house,0,466,27609,268176,0.196364179486631,0.9324078968536584,1.0724919891545344,0.0160303901737986,0.0582571591848697,False,:47:29,19,0.196364179486631,10,0,3,81140,36,2.0263033181185036e-54,denied,credit_score_vs_dti,Score=0.000 with DTI=0.20 and CS=466,"{""ndi_value_ok"": true, ""ndi_ratio_ok"": true}",,"{""type"": ""consolidation"", ""consolidate_amount"": 27609.0, ""term_months"": 36, ""apr"": 0.12, ""est_monthly"": 858.95, ""secured_by"": ""collateral""}"
APP_0047,29,87395,6,96502,48,22213,house,2,498,12182,37565,0.1393901252932073,4.344392923062876,0.2301817578910257,0.0230042717923385,0.0,False,:47:29,6,0.1393901252932073,14,0,1,96502,48,1.8921745705521313e-39,denied,credit_score_vs_dti,Score=0.000 with DTI=0.14 and CS=498,"{""ndi_value_ok"": true, ""ndi_ratio_ok"": true}",,"{""type"": ""consolidation"", ""consolidate_amount"": 12182.0, ""term_months"": 36, ""apr"": 0.12, ""est_monthly"": 379.0, ""secured_by"": ""collateral""}"
APP_0048,35,28107,24,27662,72,160386,house,0,821,25038,146287,0.8908101184757928,0.1724714127168196,5.798062323765245,0.0136689950702349,0.271073245210035,False,:47:29,24,0.8908101184757928,13,0,4,27662,72,1.0,approved,credit_score_vs_dti,Score=1.000 with DTI=0.89 and CS=821,"{""ndi_value_ok"": true, ""ndi_ratio_ok"": true}","{""type"": ""standard"", ""amount"": 27662.0, ""term_months"": 72, ""apr"": 0.1, ""est_monthly"": 422.61}",
APP_0049,50,99617,16,32340,12,132768,land,0,692,14753,250710,0.1480972123231963,0.2435827910339822,4.105380333951636,0.0270536153445234,1.933181786894573,False,:47:29,16,0.1480972123231963,14,2,3,32340,12,1.0,approved,credit_score_vs_dti,Score=1.000 with DTI=0.15 and CS=692,"{""ndi_value_ok"": true, ""ndi_ratio_ok"": true}","{""type"": ""standard"", ""amount"": 32340.0, ""term_months"": 12, ""apr"": 0.1, ""est_monthly"": 2964.5}",
APP_0050,27,94399,15,85693,72,24285,house,1,501,34308,148066,0.3634360533480189,3.5286390776197845,0.2833953765184988,0.0126079784270915,0.0,False,:47:29,15,0.3634360533480189,7,0,0,85693,72,1.0360764827408277e-40,denied,credit_score_vs_dti,Score=0.000 with DTI=0.36 and CS=501,"{""ndi_value_ok"": true, ""ndi_ratio_ok"": true}",,
APP_0051,50,43526,22,28263,36,50610,deposit,1,704,39823,253737,0.9149244129945112,0.5584469472436168,1.7906803948624777,0.0180371119172795,0.0672675987266617,False,:47:29,22,0.9149244129945112,16,0,1,28263,36,1.0,approved,credit_score_vs_dti,Score=1.000 with DTI=0.91 and CS=704,"{""ndi_value_ok"": true, ""ndi_ratio_ok"": true}","{""type"": ""standard"", ""amount"": 28263.0, ""term_months"": 36, ""apr"": 0.1, ""est_monthly"": 863.59}",
APP_0052,25,104246,18,10437,60,114648,car,0,706,32634,281307,0.3130479826564059,0.0910351685158041,10.984765737279774,0.0016686491567743,1.873245674047345,False,:47:29,18,0.3130479826564059,24,0,4,10437,60,1.0,approved,credit_score_vs_dti,Score=1.000 with DTI=0.31 and CS=706,"{""ndi_value_ok"": true, ""ndi_ratio_ok"": true}","{""type"": ""standard"", ""amount"": 10437.0, ""term_months"": 60, ""apr"": 0.12, ""est_monthly"": 194.82}",
APP_0053,28,130099,2,68567,36,111759,car,0,516,62,147652,0.0004765601580334,0.6135255326192913,1.6299240159260049,0.0146399195138776,0.6296238192374495,False,:47:29,2,0.0004765601580334,14,0,2,68567,36,2.416629599981098e-36,denied,credit_score_vs_dti,Score=0.000 with DTI=0.00 and CS=516,"{""ndi_value_ok"": true, ""ndi_ratio_ok"": true}",,"{""type"": ""consolidation"", ""consolidate_amount"": 62.0, ""term_months"": 36, ""apr"": 0.12, ""est_monthly"": 1.93, ""secured_by"": ""collateral""}"
APP_0054,46,38237,8,81091,24,161995,land,1,521,49602,27251,1.2972252007217802,0.5005771783079694,1.9976939487735752,0.0883644550180661,0.0,False,:47:29,8,1.2972252007217802,5,1,1,81091,24,2.8007433568566995e-34,denied,credit_score_vs_dti,Score=0.000 with DTI=1.30 and CS=521,"{""ndi_value_ok"": true, ""ndi_ratio_ok"": true}",,"{""type"": ""consolidation"", ""consolidate_amount"": 49602.0, ""term_months"": 48, ""apr"": 0.14, ""est_monthly"": 1178.05, ""secured_by"": ""collateral""}"
APP_0055,55,115415,5,96978,60,59090,deposit,1,791,1188,108615,0.0102932894337823,1.641191402944633,0.6093134525356203,0.0140042455484386,0.0,False,:47:29,5,0.0102932894337823,0,0,3,96978,60,1.0,approved,credit_score_vs_dti,Score=1.000 with DTI=0.01 and CS=791,"{""ndi_value_ok"": true, ""ndi_ratio_ok"": true}","{""type"": ""standard"", ""amount"": 96978.0, ""term_months"": 60, ""apr"": 0.1, ""est_monthly"": 1777.93}",
APP_0056,28,42542,22,93140,60,185542,car,0,609,49971,72401,1.174627427013277,0.5019887680417345,1.99207644406268,0.0364894300528283,0.0,False,:47:29,22,1.174627427013277,3,2,1,93140,60,0.004355124324298978,denied,credit_score_vs_dti,Score=0.004 with DTI=1.17 and CS=609,"{""ndi_value_ok"": true, ""ndi_ratio_ok"": true}",,"{""type"": ""consolidation"", ""consolidate_amount"": 49971.0, ""term_months"": 48, ""apr"": 0.14, ""est_monthly"": 1186.81, ""secured_by"": ""collateral""}"
APP_0057,34,118603,1,16421,12,93338,house,0,382,1588,147493,0.0133892060065933,0.1759304891898243,5.684063089945455,0.0115377913421466,2.4391076230985567,False,:47:29,1,0.0133892060065933,2,0,2,16421,12,1.2282497701165446e-87,denied,credit_score_vs_dti,Score=0.000 with DTI=0.01 and CS=382,"{""ndi_value_ok"": true, ""ndi_ratio_ok"": true}",,"{""type"": ""consolidation"", ""consolidate_amount"": 1588.0, ""term_months"": 36, ""apr"": 0.12, ""est_monthly"": 49.4, ""secured_by"": ""collateral""}"
APP_0058,61,77389,6,78350,60,165935,house,1,695,25822,179873,0.3336649911486085,0.4721728387621631,2.1178685386087794,0.0168736297576083,0.7448749425685857,False,:47:29,6,0.3336649911486085,2,0,3,78350,60,1.0,approved,credit_score_vs_dti,Score=1.000 with DTI=0.33 and CS=695,"{""ndi_value_ok"": true, ""ndi_ratio_ok"": true}","{""type"": ""standard"", ""amount"": 78350.0, ""term_months"": 60, ""apr"": 0.1, ""est_monthly"": 1436.42}",
APP_0059,64,25813,17,85382,60,53769,deposit,1,624,5298,144530,0.2052454189749271,1.5879410068998572,0.629746316553833,0.0551285527954736,0.0,False,:47:29,17,0.2052454189749271,3,0,0,85382,60,0.9736135650706367,approved,credit_score_vs_dti,Score=0.974 with DTI=0.21 and CS=624,"{""ndi_value_ok"": true, ""ndi_ratio_ok"": true}","{""type"": ""standard"", ""amount"": 85382.0, ""term_months"": 60, ""apr"": 0.1, ""est_monthly"": 1565.34}",
APP_0060,46,145778,20,71321,36,15098,house,1,579,4759,66691,0.0326455295037657,4.723870711352184,0.2116908063543667,0.0135901088561637,0.0,False,:47:29,20,0.0326455295037657,17,0,4,71321,36,7.525579665185961e-12,denied,credit_score_vs_dti,Score=0.000 with DTI=0.03 and CS=579,"{""ndi_value_ok"": true, ""ndi_ratio_ok"": true}",,"{""type"": ""consolidation"", ""consolidate_amount"": 4759.0, ""term_months"": 36, ""apr"": 0.12, ""est_monthly"": 148.06, ""secured_by"": ""collateral""}"
APP_0061,40,45746,15,82880,72,18570,land,0,698,34169,97337,0.746928693219063,4.463112547118769,0.2240588803088776,0.025163098655513,0.0,False,:47:29,15,0.746928693219063,24,0,3,82880,72,1.0,approved,credit_score_vs_dti,Score=1.000 with DTI=0.75 and CS=698,"{""ndi_value_ok"": true, ""ndi_ratio_ok"": true}","{""type"": ""standard"", ""amount"": 82880.0, ""term_months"": 72, ""apr"": 0.1, ""est_monthly"": 1266.22}",
APP_0062,36,99505,25,84608,48,79558,car,0,798,36392,207062,0.3657303653082723,1.063475703260501,0.9403129727685212,0.0177143527122247,0.0,False,:47:29,25,0.3657303653082723,25,1,3,84608,48,1.0,approved,credit_score_vs_dti,Score=1.000 with DTI=0.37 and CS=798,"{""ndi_value_ok"": true, ""ndi_ratio_ok"": true}","{""type"": ""standard"", ""amount"": 84608.0, ""term_months"": 48, ""apr"": 0.1, ""est_monthly"": 1938.93}",
APP_0063,47,47683,27,47422,36,191005,deposit,1,481,5911,17825,0.1239645156554721,0.2482762231355187,4.027771920205727,0.0276257319745225,1.9756101088763207,False,:47:29,27,0.1239645156554721,19,0,2,47422,36,1.0630627508295292e-50,denied,credit_score_vs_dti,Score=0.000 with DTI=0.12 and CS=481,"{""ndi_value_ok"": true, ""ndi_ratio_ok"": true}",,"{""type"": ""consolidation"", ""consolidate_amount"": 5911.0, ""term_months"": 48, ""apr"": 0.14, ""est_monthly"": 140.39, ""secured_by"": ""collateral""}"
APP_0064,47,141627,3,8814,12,17350,house,1,530,48833,72086,0.3448000734323233,0.5080115273774923,1.9684592693440013,0.0051861580061625,0.6345344421580879,False,:47:29,3,0.3448000734323233,18,0,1,8814,12,5.077056448512948e-34,denied,credit_score_vs_dti,Score=0.000 with DTI=0.34 and CS=530,"{""ndi_value_ok"": true, ""ndi_ratio_ok"": true}",,"{""type"": ""consolidation"", ""consolidate_amount"": 48833.0, ""term_months"": 36, ""apr"": 0.12, ""est_monthly"": 1519.25, ""secured_by"": ""unsecured""}"
APP_0065,33,117290,28,48338,60,78843,deposit,1,404,16023,268779,0.1366101116889748,0.6130918407467928,1.6310769994620873,0.0068687299285523,0.5448655000812572,False,:47:29,28,0.1366101116889748,9,0,3,48338,60,3.014671960730762e-79,denied,credit_score_vs_dti,Score=0.000 with DTI=0.14 and CS=404,"{""ndi_value_ok"": true, ""ndi_ratio_ok"": true}",,"{""type"": ""consolidation"", ""consolidate_amount"": 16023.0, ""term_months"": 36, ""apr"": 0.12, ""est_monthly"": 498.49, ""secured_by"": ""collateral""}"
APP_0066,22,125545,18,24169,24,28982,land,0,655,15916,38755,0.1267752598669789,0.833931405700061,1.1991393934378254,0.0080213602025146,0.1738934450850587,False,:47:29,18,0.1267752598669789,27,0,0,24169,24,0.9999999999988325,approved,credit_score_vs_dti,Score=1.000 with DTI=0.13 and CS=655,"{""ndi_value_ok"": true, ""ndi_ratio_ok"": true}","{""type"": ""standard"", ""amount"": 24169.0, ""term_months"": 24, ""apr"": 0.1, ""est_monthly"": 1107.75}",
APP_0067,27,79009,19,15804,60,186860,car,0,521,14848,130276,0.1879279575744511,0.08457668842984,11.823588964818285,0.0033337974154287,2.230169034932218,False,:47:29,19,0.1879279575744511,19,1,2,15804,60,6.2910229825171984e-40,denied,credit_score_vs_dti,Score=0.000 with DTI=0.19 and CS=521,"{""ndi_value_ok"": true, ""ndi_ratio_ok"": true}",,"{""type"": ""consolidation"", ""consolidate_amount"": 14848.0, ""term_months"": 36, ""apr"": 0.12, ""est_monthly"": 461.94, ""secured_by"": ""collateral""}"
APP_0068,63,83422,2,16867,48,137658,house,1,488,23060,70025,0.2764258828606329,0.1225282947594755,8.161380209876791,0.0042122681466041,1.9047474433025624,False,:47:29,2,0.2764258828606329,21,0,0,16867,48,3.404107645766583e-50,denied,credit_score_vs_dti,Score=0.000 with DTI=0.28 and CS=488,"{""ndi_value_ok"": true, ""ndi_ratio_ok"": true}",,
APP_0069,39,104287,18,71250,36,154436,deposit,0,683,8891,40348,0.0852551132931229,0.461356160480714,2.167522807017513,0.0189780765254698,1.0679855178329491,False,:47:29,18,0.0852551132931229,22,1,0,71250,36,1.0,approved,credit_score_vs_dti,Score=1.000 with DTI=0.09 and CS=683,"{""ndi_value_ok"": true, ""ndi_ratio_ok"": true}","{""type"": ""standard"", ""amount"": 71250.0, ""term_months"": 36, ""apr"": 0.1, ""est_monthly"": 2177.08}",
APP_0070,42,123095,21,52930,12,144945,car,2,524,21238,132592,0.1725334091555288,0.3651729966539007,2.7384281126014978,0.0358327578940308,1.438491183762571,False,:47:29,21,0.1725334091555288,25,0,1,52930,12,7.913096693807733e-35,denied,credit_score_vs_dti,Score=0.000 with DTI=0.17 and CS=524,"{""ndi_value_ok"": true, ""ndi_ratio_ok"": true}",,"{""type"": ""consolidation"", ""consolidate_amount"": 21238.0, ""term_months"": 36, ""apr"": 0.12, ""est_monthly"": 660.74, ""secured_by"": ""collateral""}"
APP_0071,41,130872,17,56284,60,134149,car,0,555,10499,161218,0.0802234244146946,0.4195633213814458,2.3834304598109166,0.0071678179186611,1.2724469308853124,False,:47:29,17,0.0802234244146946,21,0,4,56284,60,7.58778750273722e-24,denied,credit_score_vs_dti,Score=0.000 with DTI=0.08 and CS=555,"{""ndi_value_ok"": true, ""ndi_ratio_ok"": true}",,"{""type"": ""consolidation"", ""consolidate_amount"": 10499.0, ""term_months"": 36, ""apr"": 0.12, ""est_monthly"": 326.64, ""secured_by"": ""collateral""}"
APP_0072,55,27229,2,75792,12,156554,car,1,542,2570,61080,0.0943846634103311,0.4841268827369439,2.0655742030820923,0.2319585735603009,0.9650003405854748,False,:47:29,2,0.0943846634103311,27,0,0,75792,12,5.0336809136693125e-28,denied,credit_score_vs_dti,Score=0.000 with DTI=0.09 and CS=542,"{""ndi_value_ok"": true, ""ndi_ratio_ok"": true}",,
APP_0073,23,107945,15,57085,36,9559,house,1,442,18436,32560,0.1707906804391109,5.97185898106434,0.1674520451957578,0.0146898369021296,0.0,False,:47:29,15,0.1707906804391109,16,0,1,57085,36,1.6185335290418507e-61,denied,credit_score_vs_dti,Score=0.000 with DTI=0.17 and CS=442,"{""ndi_value_ok"": true, ""ndi_ratio_ok"": true}",,"{""type"": ""consolidation"", ""consolidate_amount"": 18436.0, ""term_months"": 36, ""apr"": 0.12, ""est_monthly"": 573.56, ""secured_by"": ""collateral""}"
APP_0074,24,38642,28,64851,72,174167,car,0,369,33613,49060,0.8698566326794455,0.3723495266037747,2.685648640730248,0.0233090506009212,0.2193759902239528,False,:47:29,28,0.8698566326794455,16,0,0,64851,72,2.0897729559514193e-89,denied,credit_score_vs_dti,Score=0.000 with DTI=0.87 and CS=369,"{""ndi_value_ok"": true, ""ndi_ratio_ok"": true}",,
APP_0075,33,60991,21,13172,72,150054,house,0,754,38154,198947,0.625567706710816,0.0877817319098452,11.391891891891026,0.002999531807019,1.0246919343038532,False,:47:29,21,0.625567706710816,7,1,2,13172,72,1.0,approved,credit_score_vs_dti,Score=1.000 with DTI=0.63 and CS=754,"{""ndi_value_ok"": true, ""ndi_ratio_ok"": true}","{""type"": ""standard"", ""amount"": 13172.0, ""term_months"": 72, ""apr"": 0.12, ""est_monthly"": 204.9}",
APP_0076,42,128678,4,85857,72,149970,house,0,350,17666,259481,0.1372884253718573,0.5724944988997762,1.74674167511092,0.0092669946169256,0.6442226863754144,False,:47:29,4,0.1372884253718573,28,0,4,85857,72,2.1442996762808244e-95,denied,credit_score_vs_dti,Score=0.000 with DTI=0.14 and CS=350,"{""ndi_value_ok"": true, ""ndi_ratio_ok"": true}",,"{""type"": ""consolidation"", ""consolidate_amount"": 17666.0, ""term_months"": 36, ""apr"": 0.12, ""est_monthly"": 549.61, ""secured_by"": ""collateral""}"
APP_0077,50,56314,28,47634,72,83539,car,0,478,16187,62284,0.287441843946438,0.5702007445624131,1.7537683167485043,0.0117481147374388,0.5371037618739348,False,:47:29,28,0.287441843946438,16,0,1,47634,72,1.2669010279597034e-51,denied,credit_score_vs_dti,Score=0.000 with DTI=0.29 and CS=478,"{""ndi_value_ok"": true, ""ndi_ratio_ok"": true}",,"{""type"": ""consolidation"", ""consolidate_amount"": 16187.0, ""term_months"": 36, ""apr"": 0.12, ""est_monthly"": 503.6, ""secured_by"": ""collateral""}"
APP_0078,42,124602,28,19745,48,161767,house,0,667,39373,102915,0.3159901125182556,0.1220582689918208,8.192808305899813,0.0033013448151562,1.8015624739272973,False,:47:29,28,0.3159901125182556,14,0,0,19745,48,0.9999999999999925,approved,credit_score_vs_dti,Score=1.000 with DTI=0.32 and CS=667,"{""ndi_value_ok"": true, ""ndi_ratio_ok"": true}","{""type"": ""standard"", ""amount"": 19745.0, ""term_months"": 48, ""apr"": 0.12, ""est_monthly"": 460.72}",
APP_0079,40,82875,5,82266,24,81309,car,0,372,34059,109706,0.4109683257918502,1.0117699147695702,0.9883670045948388,0.0413604826528764,0.0,False,:47:29,5,0.4109683257918502,9,0,3,82266,24,2.15074768890348e-86,denied,credit_score_vs_dti,Score=0.000 with DTI=0.41 and CS=372,"{""ndi_value_ok"": true, ""ndi_ratio_ok"": true}",,"{""type"": ""consolidation"", ""consolidate_amount"": 34059.0, ""term_months"": 36, ""apr"": 0.12, ""est_monthly"": 1059.61, ""secured_by"": ""collateral""}"
APP_0080,62,54080,24,74789,72,17401,deposit,1,660,41606,114620,0.7693417159763172,4.297971380954871,0.2326679057080555,0.0192073985040063,0.0,False,:47:29,24,0.7693417159763172,8,0,1,74789,72,0.9999999999999982,approved,credit_score_vs_dti,Score=1.000 with DTI=0.77 and CS=660,"{""ndi_value_ok"": true, ""ndi_ratio_ok"": true}","{""type"": ""standard"", ""amount"": 74789.0, ""term_months"": 72, ""apr"": 0.1, ""est_monthly"": 1142.61}",
APP_0081,28,66780,12,10037,60,182300,house,0,703,45305,80847,0.678421683138654,0.0550575973669772,18.162797648698,0.0025049915143836,0.9116189621089312,False,:47:29,12,0.678421683138654,18,0,2,10037,60,1.0,approved,credit_score_vs_dti,Score=1.000 with DTI=0.68 and CS=703,"{""ndi_value_ok"": true, ""ndi_ratio_ok"": true}","{""type"": ""standard"", ""amount"": 10037.0, ""term_months"": 60, ""apr"": 0.12, ""est_monthly"": 187.36}",
APP_0082,46,91346,17,23338,72,53030,house,0,664,41061,26028,0.4495106518074086,0.4400905148029335,2.2722598337474387,0.0035484738125849,0.7003654866112762,False,:47:29,17,0.4495106518074086,13,0,4,23338,72,0.9999999999999949,approved,credit_score_vs_dti,Score=1.000 with DTI=0.45 and CS=664,"{""ndi_value_ok"": true, ""ndi_ratio_ok"": true}","{""type"": ""standard"", ""amount"": 23338.0, ""term_months"": 72, ""apr"": 0.1, ""est_monthly"": 356.55}",
APP_0083,44,120643,13,6496,48,27564,house,0,467,46824,162295,0.388120321941593,0.2356697141198579,4.243226600984568,0.0011217669763725,1.4030345077638944,False,:47:29,13,0.388120321941593,17,0,0,6496,48,2.7912517106278594e-58,denied,credit_score_vs_dti,Score=0.000 with DTI=0.39 and CS=467,"{""ndi_value_ok"": true, ""ndi_ratio_ok"": true}",,
APP_0084,41,100751,23,30722,12,127404,land,0,310,20833,113637,0.2067771039493384,0.2411384257951065,4.146995638304663,0.0254108313213099,1.8058391267771088,False,:47:29,23,0.2067771039493384,19,0,2,30722,12,5.271990546481617e-112,denied,credit_score_vs_dti,Score=0.000 with DTI=0.21 and CS=310,"{""ndi_value_ok"": true, ""ndi_ratio_ok"": true}",,"{""type"": ""consolidation"", ""consolidate_amount"": 20833.0, ""term_months"": 36, ""apr"": 0.12, ""est_monthly"": 648.14, ""secured_by"": ""collateral""}"
APP_0085,56,141652,29,14498,48,52861,car,0,788,19733,109254,0.139306186993476,0.2742664724466001,3.6460891157398505,0.0021322795771353,1.8739030711698328,False,:47:29,29,0.139306186993476,26,1,4,14498,48,1.0,approved,credit_score_vs_dti,Score=1.000 with DTI=0.14 and CS=788,"{""ndi_value_ok"": true, ""ndi_ratio_ok"": true}","{""type"": ""standard"", ""amount"": 14498.0, ""term_months"": 48, ""apr"": 0.12, ""est_monthly"": 338.29}",
APP_0086,32,133467,23,72440,36,172760,car,0,479,16077,86794,0.1204567421160277,0.4193100254688561,2.3848702374378465,0.0150765524224438,1.218053280382651,False,:47:29,23,0.1204567421160277,9,0,3,72440,36,2.0536579783399914e-48,denied,credit_score_vs_dti,Score=0.000 with DTI=0.12 and CS=479,"{""ndi_value_ok"": true, ""ndi_ratio_ok"": true}",,"{""type"": ""consolidation"", ""consolidate_amount"": 16077.0, ""term_months"": 36, ""apr"": 0.12, ""est_monthly"": 500.17, ""secured_by"": ""collateral""}"
APP_0087,62,119169,27,54642,72,93200,house,0,742,11761,279508,0.098691773867364,0.5862875536480624,1.705647670290222,0.0063684067723663,0.6360060499839332,False,:47:29,27,0.098691773867364,20,0,4,54642,72,1.0,approved,credit_score_vs_dti,Score=1.000 with DTI=0.10 and CS=742,"{""ndi_value_ok"": true, ""ndi_ratio_ok"": true}","{""type"": ""standard"", ""amount"": 54642.0, ""term_months"": 72, ""apr"": 0.1, ""est_monthly"": 834.81}",
APP_0088,35,100388,28,98119,36,8864,car,0,408,37441,187040,0.3729629039327372,11.06938176895182,0.090339281892395,0.0271499360252424,0.0,False,:47:29,28,0.3729629039327372,27,0,1,98119,36,7.123925899330742e-73,denied,credit_score_vs_dti,Score=0.000 with DTI=0.37 and CS=408,"{""ndi_value_ok"": true, ""ndi_ratio_ok"": true}",,"{""type"": ""consolidation"", ""consolidate_amount"": 37441.0, ""term_months"": 36, ""apr"": 0.12, ""est_monthly"": 1164.83, ""secured_by"": ""unsecured""}"
APP_0089,44,61231,2,76195,24,190729,car,2,389,35722,131420,0.5833972987538897,0.3994935222226279,2.503169499310945,0.0518494172320284,0.6262244738437106,False,:47:29,2,0.5833972987538897,13,0,3,76195,24,2.7062084325249675e-82,denied,credit_score_vs_dti,Score=0.000 with DTI=0.58 and CS=389,"{""ndi_value_ok"": true, ""ndi_ratio_ok"": true}",,"{""type"": ""consolidation"", ""consolidate_amount"": 35722.0, ""term_months"": 36, ""apr"": 0.12, ""est_monthly"": 1111.35, ""secured_by"": ""collateral""}"
APP_0090,43,76571,7,63096,12,106808,car,0,727,40069,69563,0.5232921079782095,0.5907422664968861,1.6927855965512602,0.0686682947795087,0.3302563613550218,False,:47:29,7,0.5232921079782095,7,0,3,63096,12,1.0,approved,credit_score_vs_dti,Score=1.000 with DTI=0.52 and CS=727,"{""ndi_value_ok"": true, ""ndi_ratio_ok"": true}","{""type"": ""standard"", ""amount"": 63096.0, ""term_months"": 12, ""apr"": 0.1, ""est_monthly"": 5783.8}",
APP_0091,58,39861,21,53384,72,58491,land,0,816,8369,242325,0.2099545922079173,0.912687421996531,1.095665367900474,0.0186007487126295,0.0755799845945378,False,:47:29,21,0.2099545922079173,8,0,3,53384,72,1.0,approved,credit_score_vs_dti,Score=1.000 with DTI=0.21 and CS=816,"{""ndi_value_ok"": true, ""ndi_ratio_ok"": true}","{""type"": ""standard"", ""amount"": 53384.0, ""term_months"": 72, ""apr"": 0.1, ""est_monthly"": 815.59}",
APP_0092,40,71773,17,10177,60,138039,deposit,1,773,24562,267625,0.3422178256447363,0.0737255413325214,13.563820379285293,0.0023632378006191,1.8278604824161169,False,:47:29,17,0.3422178256447363,10,0,0,10177,60,1.0,approved,credit_score_vs_dti,Score=1.000 with DTI=0.34 and CS=773,"{""ndi_value_ok"": true, ""ndi_ratio_ok"": true}","{""type"": ""standard"", ""amount"": 10177.0, ""term_months"": 60, ""apr"": 0.12, ""est_monthly"": 189.97}",
APP_0093,33,140809,1,11669,12,109877,car,1,713,11097,19372,0.0788088829549242,0.1062005697279675,9.416145342359291,0.0069059269406474,2.470080286759638,False,:47:29,1,0.0788088829549242,18,0,3,11669,12,1.0,approved,credit_score_vs_dti,Score=1.000 with DTI=0.08 and CS=713,"{""ndi_value_ok"": true, ""ndi_ratio_ok"": true}","{""type"": ""standard"", ""amount"": 11669.0, ""term_months"": 12, ""apr"": 0.12, ""est_monthly"": 1089.11}",
APP_0094,21,78235,2,63549,36,13684,deposit,0,435,44651,279603,0.5707292132677118,4.644036831335527,0.2153299029095624,0.022563430688962,0.0,False,:47:29,2,0.5707292132677118,7,0,1,63549,36,6.410937898118565e-68,denied,credit_score_vs_dti,Score=0.000 with DTI=0.57 and CS=435,"{""ndi_value_ok"": true, ""ndi_ratio_ok"": true}",,"{""type"": ""consolidation"", ""consolidate_amount"": 44651.0, ""term_months"": 36, ""apr"": 0.12, ""est_monthly"": 1389.14, ""secured_by"": ""unsecured""}"
APP_0095,37,39216,15,5416,36,153852,land,0,802,13370,212831,0.340932272541811,0.0352026622988324,28.40694239290465,0.0038363026428055,1.9076003664492585,False,:47:29,15,0.340932272541811,25,0,0,5416,36,1.0,approved,credit_score_vs_dti,Score=1.000 with DTI=0.34 and CS=802,"{""ndi_value_ok"": true, ""ndi_ratio_ok"": true}","{""type"": ""standard"", ""amount"": 5416.0, ""term_months"": 36, ""apr"": 0.12, ""est_monthly"": 168.5}",
APP_0096,57,106491,18,9023,36,85060,car,0,667,7195,38951,0.0675643951132014,0.1060780625440852,9.427019838190244,0.0023536156941142,2.500573927419854,False,:47:29,18,0.0675643951132014,10,0,4,9023,36,0.9999999999999944,approved,credit_score_vs_dti,Score=1.000 with DTI=0.07 and CS=667,"{""ndi_value_ok"": true, ""ndi_ratio_ok"": true}","{""type"": ""standard"", ""amount"": 9023.0, ""term_months"": 36, ""apr"": 0.12, ""est_monthly"": 280.72}",
APP_0097,21,145326,5,25817,72,142364,house,0,394,28493,228415,0.196062645362838,0.1813450029501827,5.514351009024847,0.0024673454470601,1.9744419980661712,False,:47:29,5,0.196062645362838,1,1,2,25817,72,1.5223935945848623e-83,denied,credit_score_vs_dti,Score=0.000 with DTI=0.20 and CS=394,"{""ndi_value_ok"": true, ""ndi_ratio_ok"": true}",,"{""type"": ""consolidation"", ""consolidate_amount"": 28493.0, ""term_months"": 36, ""apr"": 0.12, ""est_monthly"": 886.45, ""secured_by"": ""collateral""}"
APP_0098,60,133436,5,88993,12,179961,car,0,371,43953,41146,0.3293938667226211,0.4945126999738805,2.022192756733653,0.0555778300662135,0.6854887320573106,False,:47:29,5,0.3293938667226211,0,0,3,88993,12,1.5275312823110716e-84,denied,credit_score_vs_dti,Score=0.000 with DTI=0.33 and CS=371,"{""ndi_value_ok"": true, ""ndi_ratio_ok"": true}",,"{""type"": ""consolidation"", ""consolidate_amount"": 43953.0, ""term_months"": 36, ""apr"": 0.12, ""est_monthly"": 1367.43, ""secured_by"": ""collateral""}"
APP_0099,44,59259,3,48598,24,125237,land,0,779,45786,24749,0.7726421303093071,0.3880482604980925,2.576999053458937,0.0341706182450304,0.3585431452986696,False,:47:29,3,0.7726421303093071,0,0,1,48598,24,1.0,approved,credit_score_vs_dti,Score=1.000 with DTI=0.77 and CS=779,"{""ndi_value_ok"": true, ""ndi_ratio_ok"": true}","{""type"": ""standard"", ""amount"": 48598.0, ""term_months"": 24, ""apr"": 0.1, ""est_monthly"": 2227.41}",
APP_0100,27,81737,16,72409,24,136949,house,0,451,4804,43444,0.0587738722977346,0.5287296730899785,1.8913256639367773,0.0369115781903045,0.8389390031888835,False,:47:29,16,0.0587738722977346,18,0,2,72409,24,1.1691708061456818e-58,denied,credit_score_vs_dti,Score=0.000 with DTI=0.06 and CS=451,"{""ndi_value_ok"": true, ""ndi_ratio_ok"": true}",,"{""type"": ""consolidation"", ""consolidate_amount"": 4804.0, ""term_months"": 36, ""apr"": 0.12, ""est_monthly"": 149.46, ""secured_by"": ""collateral""}"
APP_0101,34,91377,0,44098,24,56892,deposit,0,721,16294,143351,0.1783162064852186,0.7751177669971038,1.290126536350826,0.0201080870086574,0.2383922729880836,False,:47:29,0,0.1783162064852186,10,0,0,44098,24,1.0,approved,credit_score_vs_dti,Score=1.000 with DTI=0.18 and CS=721,"{""ndi_value_ok"": true, ""ndi_ratio_ok"": true}","{""type"": ""standard"", ""amount"": 44098.0, ""term_months"": 24, ""apr"": 0.1, ""est_monthly"": 2021.16}",
APP_0102,45,55979,17,21447,72,53630,car,2,376,7676,189675,0.1371228496400411,0.3999067685996569,2.5005828320976127,0.0053211918754507,1.294818638039521,False,:47:29,17,0.1371228496400411,8,0,2,21447,72,2.8482017008308027e-91,denied,credit_score_vs_dti,Score=0.000 with DTI=0.14 and CS=376,"{""ndi_value_ok"": true, ""ndi_ratio_ok"": true}",,"{""type"": ""consolidation"", ""consolidate_amount"": 7676.0, ""term_months"": 36, ""apr"": 0.12, ""est_monthly"": 238.81, ""secured_by"": ""collateral""}"
APP_0103,34,58586,14,40259,72,87680,deposit,0,454,15393,128124,0.2627419520021803,0.4591583029197028,2.1778981097393832,0.0095441364450551,0.8684148611268059,False,:47:29,14,0.2627419520021803,18,2,2,40259,72,1.3816270106569482e-61,denied,credit_score_vs_dti,Score=0.000 with DTI=0.26 and CS=454,"{""ndi_value_ok"": true, ""ndi_ratio_ok"": true}",,"{""type"": ""consolidation"", ""consolidate_amount"": 15393.0, ""term_months"": 36, ""apr"": 0.12, ""est_monthly"": 478.89, ""secured_by"": ""collateral""}"
APP_0104,25,54582,13,13713,12,171733,land,0,455,26692,45370,0.4890256861236216,0.0798506984679701,12.52337198278914,0.0209363892841,1.4105179740424734,False,:47:29,13,0.4890256861236216,2,1,3,13713,12,1.5045986835981203e-62,denied,credit_score_vs_dti,Score=0.000 with DTI=0.49 and CS=455,"{""ndi_value_ok"": true, ""ndi_ratio_ok"": true}",,"{""type"": ""consolidation"", ""consolidate_amount"": 26692.0, ""term_months"": 36, ""apr"": 0.12, ""est_monthly"": 830.42, ""secured_by"": ""collateral""}"
APP_0105,50,149322,20,78174,48,108645,car,0,454,14028,67758,0.0939446297263625,0.7195361038243755,1.3897843272699184,0.0109067987300334,0.3531661829714266,False,:47:29,20,0.0939446297263625,16,0,2,78174,48,8.907189298343001e-56,denied,credit_score_vs_dti,Score=0.000 with DTI=0.09 and CS=454,"{""ndi_value_ok"": true, ""ndi_ratio_ok"": true}",,"{""type"": ""consolidation"", ""consolidate_amount"": 14028.0, ""term_months"": 36, ""apr"": 0.12, ""est_monthly"": 436.43, ""secured_by"": ""collateral""}"
APP_0106,50,118251,15,22435,24,74822,house,0,671,3375,257190,0.0285409848542504,0.2998449653845085,3.335056830844513,0.0079051480886225,2.0405157611307105,False,:47:29,15,0.0285409848542504,18,0,1,22435,24,0.999999999999982,approved,credit_score_vs_dti,Score=1.000 with DTI=0.03 and CS=671,"{""ndi_value_ok"": true, ""ndi_ratio_ok"": true}","{""type"": ""standard"", ""amount"": 22435.0, ""term_months"": 24, ""apr"": 0.1, ""est_monthly"": 1028.27}",
APP_0107,26,130107,21,40755,24,157685,land,0,802,25501,289160,0.1960002152074815,0.2584583188001379,3.869095816464143,0.0130517573991348,1.7885980562981143,False,:47:29,21,0.1960002152074815,0,0,0,40755,24,1.0,approved,credit_score_vs_dti,Score=1.000 with DTI=0.20 and CS=802,"{""ndi_value_ok"": true, ""ndi_ratio_ok"": true}","{""type"": ""standard"", ""amount"": 40755.0, ""term_months"": 24, ""apr"": 0.1, ""est_monthly"": 1867.94}",
APP_0108,33,127071,22,98102,24,171842,car,1,800,2640,228738,0.0207757867648793,0.5708848826247334,1.7516666326884085,0.0321677120126778,0.736050167009415,False,:47:29,22,0.0207757867648793,5,0,2,98102,24,1.0,approved,credit_score_vs_dti,Score=1.000 with DTI=0.02 and CS=800,"{""ndi_value_ok"": true, ""ndi_ratio_ok"": true}","{""type"": ""standard"", ""amount"": 98102.0, ""term_months"": 24, ""apr"": 0.1, ""est_monthly"": 4496.34}",
APP_0109,31,144892,27,61236,24,181286,house,1,707,11334,39990,0.0782237804709709,0.3377867016758032,2.960448102423363,0.0176096678898329,1.8070944404346867,False,:47:29,27,0.0782237804709709,11,0,3,61236,24,1.0,approved,credit_score_vs_dti,Score=1.000 with DTI=0.08 and CS=707,"{""ndi_value_ok"": true, ""ndi_ratio_ok"": true}","{""type"": ""standard"", ""amount"": 61236.0, ""term_months"": 24, ""apr"": 0.1, ""est_monthly"": 2806.65}",
APP_0110,50,38159,23,48563,36,65397,deposit,1,411,25,247744,0.0006551534369349,0.7425875804700408,1.34664250561124,0.0353513515077626,0.346415401582337,False,:47:29,23,0.0006551534369349,9,0,2,48563,36,2.9715216811999427e-78,denied,credit_score_vs_dti,Score=0.000 with DTI=0.00 and CS=411,"{""ndi_value_ok"": true, ""ndi_ratio_ok"": true}",,"{""type"": ""consolidation"", ""consolidate_amount"": 25.0, ""term_months"": 48, ""apr"": 0.14, ""est_monthly"": 0.59, ""secured_by"": ""collateral""}"
APP_0111,53,135204,15,56586,72,144250,car,2,828,4341,210676,0.0321070382533058,0.3922772963604826,2.5492171208425662,0.0058128211196099,1.499476347481021,False,:47:29,15,0.0321070382533058,28,1,1,56586,72,1.0,approved,credit_score_vs_dti,Score=1.000 with DTI=0.03 and CS=828,"{""ndi_value_ok"": true, ""ndi_ratio_ok"": true}","{""type"": ""standard"", ""amount"": 56586.0, ""term_months"": 72, ""apr"": 0.1, ""est_monthly"": 864.51}",
APP_0112,52,33319,14,79487,48,121341,house,2,598,21815,162557,0.6547315345598411,0.6550712454982186,1.52655151156791,0.049700746319881,0.1818016323742555,False,:47:29,14,0.6547315345598411,13,0,2,79487,48,3.2478097513782145e-09,denied,credit_score_vs_dti,Score=0.000 with DTI=0.65 and CS=598,"{""ndi_value_ok"": true, ""ndi_ratio_ok"": true}",,"{""type"": ""consolidation"", ""consolidate_amount"": 21815.0, ""term_months"": 48, ""apr"": 0.14, ""est_monthly"": 518.11, ""secured_by"": ""collateral""}"
APP_0113,62,84427,7,29175,60,94202,car,2,600,42535,51539,0.5038080234995854,0.3097068002802455,3.2288603256211403,0.005759413457684,1.0275538414012213,False,:47:29,7,0.5038080234995854,19,1,2,29175,60,2.693801662314182e-09,denied,credit_score_vs_dti,Score=0.000 with DTI=0.50 and CS=600,"{""ndi_value_ok"": true, ""ndi_ratio_ok"": true}",,"{""type"": ""consolidation"", ""consolidate_amount"": 42535.0, ""term_months"": 36, ""apr"": 0.12, ""est_monthly"": 1323.31, ""secured_by"": ""collateral""}"
APP_0114,54,99304,17,65458,36,84212,car,0,685,38731,299036,0.3900245710142553,0.7773001472474139,1.286504323382913,0.0183102168868046,0.1747605975617794,False,:47:29,17,0.3900245710142553,4,1,2,65458,36,1.0,approved,credit_score_vs_dti,Score=1.000 with DTI=0.39 and CS=685,"{""ndi_value_ok"": true, ""ndi_ratio_ok"": true}","{""type"": ""standard"", ""amount"": 65458.0, ""term_months"": 36, ""apr"": 0.1, ""est_monthly"": 2000.11}",
APP_0115,35,69732,4,87905,12,29994,deposit,0,723,4941,138355,0.0708569953536386,2.930752817230015,0.3412092599965833,0.1050510047905711,0.0,False,:47:29,4,0.0708569953536386,24,1,3,87905,12,1.0,approved,credit_score_vs_dti,Score=1.000 with DTI=0.07 and CS=723,"{""ndi_value_ok"": true, ""ndi_ratio_ok"": true}","{""type"": ""standard"", ""amount"": 87905.0, ""term_months"": 12, ""apr"": 0.1, ""est_monthly"": 8057.96}",
APP_0116,25,43271,27,59379,12,60766,land,0,824,1741,22810,0.0402347992882059,0.9771747358720176,1.023358426379679,0.1143548797020529,0.0224186047826365,False,:47:29,27,0.0402347992882059,6,0,3,59379,12,1.0,approved,credit_score_vs_dti,Score=1.000 with DTI=0.04 and CS=824,"{""ndi_value_ok"": true, ""ndi_ratio_ok"": true}","{""type"": ""standard"", ""amount"": 59379.0, ""term_months"": 12, ""apr"": 0.1, ""est_monthly"": 5443.08}",
APP_0117,48,49037,25,47421,24,113535,house,0,620,16904,70890,0.3447192935946256,0.4176773682124418,2.394192446384463,0.0402935538454153,0.9135874111318676,False,:47:29,25,0.3447192935946256,23,0,3,47421,24,0.03998043478860581,denied,credit_score_vs_dti,Score=0.040 with DTI=0.34 and CS=620,"{""ndi_value_ok"": true, ""ndi_ratio_ok"": true}",,"{""type"": ""consolidation"", ""consolidate_amount"": 16904.0, ""term_months"": 48, ""apr"": 0.14, ""est_monthly"": 401.47, ""secured_by"": ""collateral""}"
APP_0118,61,128083,3,18787,24,178219,house,0,635,32612,126366,0.254616147341956,0.1054152475325296,9.486293713737718,0.0061115969069591,2.000427087970037,False,:47:29,3,0.254616147341956,14,0,0,18787,24,0.9962947577136565,approved,credit_score_vs_dti,Score=0.996 with DTI=0.25 and CS=635,"{""ndi_value_ok"": true, ""ndi_ratio_ok"": true}","{""type"": ""standard"", ""amount"": 18787.0, ""term_months"": 24, ""apr"": 0.12, ""est_monthly"": 876.73}",
APP_0119,63,64840,23,28587,72,174337,land,1,710,37336,28074,0.5758173966687141,0.1639755186793385,6.098471333123234,0.0061234063334538,1.0638811228058584,False,:47:29,23,0.5758173966687141,12,1,2,28587,72,1.0,approved,credit_score_vs_dti,Score=1.000 with DTI=0.58 and CS=710,"{""ndi_value_ok"": true, ""ndi_ratio_ok"": true}","{""type"": ""standard"", ""amount"": 28587.0, ""term_months"": 72, ""apr"": 0.1, ""est_monthly"": 436.75}",
APP_0120,31,63791,3,94872,72,44017,house,0,440,41156,103941,0.6451693812606694,2.155349069677576,0.4639619698119522,0.0206559964046392,0.0,False,:47:29,3,0.6451693812606694,14,0,3,94872,72,1.1539052371590519e-61,denied,credit_score_vs_dti,Score=0.000 with DTI=0.65 and CS=440,"{""ndi_value_ok"": true, ""ndi_ratio_ok"": true}",,"{""type"": ""consolidation"", ""consolidate_amount"": 41156.0, ""term_months"": 36, ""apr"": 0.12, ""est_monthly"": 1280.41, ""secured_by"": ""collateral""}"
APP_0121,31,140420,21,56419,72,138429,car,0,469,17110,145837,0.1218487394957974,0.407566333643959,2.4535883301724164,0.0055803818701846,1.276470424395128,False,:47:29,21,0.1218487394957974,16,0,1,56419,72,1.1090769236715555e-53,denied,credit_score_vs_dti,Score=0.000 with DTI=0.12 and CS=469,"{""ndi_value_ok"": true, ""ndi_ratio_ok"": true}",,"{""type"": ""consolidation"", ""consolidate_amount"": 17110.0, ""term_months"": 36, ""apr"": 0.12, ""est_monthly"": 532.31, ""secured_by"": ""collateral""}"
APP_0122,22,42983,2,33627,48,24283,house,0,644,8400,285107,0.1954260986901753,1.3847959477823422,0.7221280518630648,0.0162985947929504,0.0,False,:47:29,2,0.1954260986901753,7,0,0,33627,48,0.9992990344584625,approved,credit_score_vs_dti,Score=0.999 with DTI=0.20 and CS=644,"{""ndi_value_ok"": true, ""ndi_ratio_ok"": true}","{""type"": ""standard"", ""amount"": 33627.0, ""term_months"": 48, ""apr"": 0.1, ""est_monthly"": 770.62}",
APP_0123,27,139408,14,44744,48,137602,house,0,335,1317,35048,0.009447090554344,0.3251696923009816,3.07531736098688,0.0066866081333011,2.0053653740201094,False,:47:29,14,0.009447090554344,3,0,2,44744,48,4.1969139750636e-100,denied,credit_score_vs_dti,Score=0.000 with DTI=0.01 and CS=335,"{""ndi_value_ok"": true, ""ndi_ratio_ok"": true}",,"{""type"": ""consolidation"", ""consolidate_amount"": 1317.0, ""term_months"": 36, ""apr"": 0.12, ""est_monthly"": 40.97, ""secured_by"": ""collateral""}"
APP_0124,45,140121,19,59911,48,73649,deposit,0,476,7343,177289,0.052404707360067,0.8134665779575987,1.2293068050942026,0.0089076286445809,0.2172900490775976,False,:47:29,19,0.052404707360067,8,1,4,59911,48,4.402966139083976e-51,denied,credit_score_vs_dti,Score=0.000 with DTI=0.05 and CS=476,"{""ndi_value_ok"": true, ""ndi_ratio_ok"": true}",,"{""type"": ""consolidation"", ""consolidate_amount"": 7343.0, ""term_months"": 36, ""apr"": 0.12, ""est_monthly"": 228.45, ""secured_by"": ""collateral""}"
APP_0125,45,99819,21,56066,36,94370,house,1,694,3258,275570,0.0326390767288789,0.5941082971283184,1.683194806121327,0.0156021287414782,0.6608959584235891,False,:47:29,21,0.0326390767288789,29,0,0,56066,36,1.0,approved,credit_score_vs_dti,Score=1.000 with DTI=0.03 and CS=694,"{""ndi_value_ok"": true, ""ndi_ratio_ok"": true}","{""type"": ""standard"", ""amount"": 56066.0, ""term_months"": 36, ""apr"": 0.1, ""est_monthly"": 1713.13}",
APP_0126,37,45691,12,71478,60,145786,house,0,836,43040,243795,0.9419798209712869,0.4902939925644404,2.039592601919443,0.0260729684178529,0.0603173488802931,False,:47:29,12,0.9419798209712869,8,0,2,71478,60,1.0,approved,credit_score_vs_dti,Score=1.000 with DTI=0.94 and CS=836,"{""ndi_value_ok"": true, ""ndi_ratio_ok"": true}","{""type"": ""standard"", ""amount"": 71478.0, ""term_months"": 60, ""apr"": 0.1, ""est_monthly"": 1310.43}",
APP_0127,34,44482,27,29461,60,89578,deposit,1,585,13420,278233,0.3016950676678139,0.3288865569671088,3.040562099046093,0.0110385474272396,1.4059254822729104,False,:47:29,27,0.3016950676678139,20,0,0,29461,60,7.1373337325559385e-19,denied,credit_score_vs_dti,Score=0.000 with DTI=0.30 and CS=585,"{""ndi_value_ok"": true, ""ndi_ratio_ok"": true}",,
APP_0128,57,60590,23,66677,60,163026,house,0,519,41156,59398,0.6792540023106012,0.4089961110497687,2.445011023291353,0.0183410353740682,0.4634815023377709,False,:47:29,23,0.6792540023106012,7,0,4,66677,60,4.961129211111014e-36,denied,credit_score_vs_dti,Score=0.000 with DTI=0.68 and CS=519,"{""ndi_value_ok"": true, ""ndi_ratio_ok"": true}",,"{""type"": ""consolidation"", ""consolidate_amount"": 41156.0, ""term_months"": 36, ""apr"": 0.12, ""est_monthly"": 1280.41, ""secured_by"": ""collateral""}"
APP_0129,41,97176,6,47054,48,110447,deposit,0,542,27657,242389,0.284607310447021,0.4260323956286687,2.3472393420325086,0.0100877960262434,0.9638051763682438,False,:47:29,6,0.284607310447021,25,0,3,47054,48,5.224769536843385e-31,denied,credit_score_vs_dti,Score=0.000 with DTI=0.28 and CS=542,"{""ndi_value_ok"": true, ""ndi_ratio_ok"": true}",,"{""type"": ""consolidation"", ""consolidate_amount"": 27657.0, ""term_months"": 36, ""apr"": 0.12, ""est_monthly"": 860.44, ""secured_by"": ""collateral""}"
APP_0130,56,44201,20,94356,12,199758,house,0,676,26947,293803,0.6096468405692042,0.4723515453698952,2.117067277120669,0.1778919028832961,0.4360507409208157,False,:47:29,20,0.6096468405692042,14,0,2,94356,12,1.0,approved,credit_score_vs_dti,Score=1.000 with DTI=0.61 and CS=676,"{""ndi_value_ok"": true, ""ndi_ratio_ok"": true}","{""type"": ""standard"", ""amount"": 94356.0, ""term_months"": 12, ""apr"": 0.1, ""est_monthly"": 8649.3}",
APP_0131,63,81957,21,20002,60,130542,house,1,599,22739,104549,0.277450370316138,0.1532227175928042,6.526447355264147,0.0040675801537526,1.835515835484079,False,:47:29,21,0.277450370316138,17,0,3,20002,60,2.1705946779312524e-11,denied,credit_score_vs_dti,Score=0.000 with DTI=0.28 and CS=599,"{""ndi_value_ok"": true, ""ndi_ratio_ok"": true}",,"{""type"": ""consolidation"", ""consolidate_amount"": 22739.0, ""term_months"": 36, ""apr"": 0.12, ""est_monthly"": 707.44, ""secured_by"": ""collateral""}"
APP_0132,34,39436,10,19101,36,64901,house,1,312,40959,154605,1.0386195354498164,0.2943097949184097,3.397780220930664,0.0134542888051166,0.0,False,:47:29,10,1.0386195354498164,6,0,3,19101,36,6.555254731572177e-114,denied,credit_score_vs_dti,Score=0.000 with DTI=1.04 and CS=312,"{""ndi_value_ok"": true, ""ndi_ratio_ok"": true}",,"{""type"": ""consolidation"", ""consolidate_amount"": 40959.0, ""term_months"": 48, ""apr"": 0.14, ""est_monthly"": 972.78, ""secured_by"": ""collateral""}"
APP_0133,29,92535,22,48857,60,156855,land,0,596,2172,163943,0.0234721997082182,0.3114787542634898,3.2104918435433367,0.0087997334340493,2.017080412659695,False,:47:29,22,0.0234721997082182,18,0,3,48857,60,4.8120776811008036e-11,denied,credit_score_vs_dti,Score=0.000 with DTI=0.02 and CS=596,"{""ndi_value_ok"": true, ""ndi_ratio_ok"": true}",,"{""type"": ""consolidation"", ""consolidate_amount"": 2172.0, ""term_months"": 36, ""apr"": 0.12, ""est_monthly"": 67.57, ""secured_by"": ""collateral""}"
APP_0134,62,27643,26,53293,48,86324,land,1,520,4637,153164,0.1677459031219416,0.6173601779342869,1.6197999737301032,0.0401646287779966,0.5158310673818165,False,:47:29,26,0.1677459031219416,14,0,0,53293,48,1.8303566305040077e-38,denied,credit_score_vs_dti,Score=0.000 with DTI=0.17 and CS=520,"{""ndi_value_ok"": true, ""ndi_ratio_ok"": true}",,
APP_0135,48,113629,24,70633,72,110560,car,0,685,21169,94036,0.1862992721928364,0.6388657742402257,1.5652740220576562,0.0086334816717145,0.4599638831588163,False,:47:29,24,0.1862992721928364,21,0,2,70633,72,1.0,approved,credit_score_vs_dti,Score=1.000 with DTI=0.19 and CS=685,"{""ndi_value_ok"": true, ""ndi_ratio_ok"": true}","{""type"": ""standard"", ""amount"": 70633.0, ""term_months"": 72, ""apr"": 0.1, ""est_monthly"": 1079.12}",
APP_0136,33,31924,22,43383,36,34269,house,1,781,19724,291556,0.6178423756421307,1.2659546528932486,0.7899177097019389,0.0377485068694343,0.0,False,:47:29,22,0.6178423756421307,7,1,1,43383,36,1.0,approved,credit_score_vs_dti,Score=1.000 with DTI=0.62 and CS=781,"{""ndi_value_ok"": true, ""ndi_ratio_ok"": true}","{""type"": ""standard"", ""amount"": 43383.0, ""term_months"": 36, ""apr"": 0.1, ""est_monthly"": 1325.59}",
APP_0137,48,49352,19,91803,72,30913,house,0,829,27279,287384,0.5527435564921269,2.9697214764014177,0.3367319150790242,0.025835663532358,0.0,False,:47:29,19,0.5527435564921269,18,0,1,91803,72,1.0,approved,credit_score_vs_dti,Score=1.000 with DTI=0.55 and CS=829,"{""ndi_value_ok"": true, ""ndi_ratio_ok"": true}","{""type"": ""standard"", ""amount"": 91803.0, ""term_months"": 72, ""apr"": 0.1, ""est_monthly"": 1402.55}",
APP_0138,43,46830,8,50046,72,118375,land,0,635,36889,120412,0.7877215460174933,0.4227750791974621,2.365323902010104,0.0148426934299309,0.2898288471040742,False,:47:29,8,0.7877215460174933,25,1,0,50046,72,0.9994745582421191,approved,credit_score_vs_dti,Score=0.999 with DTI=0.79 and CS=635,"{""ndi_value_ok"": true, ""ndi_ratio_ok"": true}","{""type"": ""standard"", ""amount"": 50046.0, ""term_months"": 72, ""apr"": 0.1, ""est_monthly"": 764.59}",
APP_0139,60,128874,23,17286,24,43844,house,1,499,29377,243534,0.2279513323090753,0.3942614724933767,2.536387828300212,0.0055887921533434,1.1861661758957942,False,:47:29,23,0.2279513323090753,14,0,2,17286,24,2.6253922862557577e-47,denied,credit_score_vs_dti,Score=0.000 with DTI=0.23 and CS=499,"{""ndi_value_ok"": true, ""ndi_ratio_ok"": true}",,"{""type"": ""consolidation"", ""consolidate_amount"": 29377.0, ""term_months"": 36, ""apr"": 0.12, ""est_monthly"": 913.95, ""secured_by"": ""collateral""}"
APP_0140,32,31672,10,16325,36,199535,land,0,544,12872,125282,0.4064157615559356,0.0818152203874003,12.222664624807829,0.0143177640253097,1.6350600394718282,False,:47:29,10,0.4064157615559356,5,0,3,16325,36,6.620396738560697e-33,denied,credit_score_vs_dti,Score=0.000 with DTI=0.41 and CS=544,"{""ndi_value_ok"": true, ""ndi_ratio_ok"": true}",,"{""type"": ""consolidation"", ""consolidate_amount"": 12872.0, ""term_months"": 48, ""apr"": 0.14, ""est_monthly"": 305.71, ""secured_by"": ""collateral""}"
APP_0141,64,78657,15,97473,48,172289,land,0,397,16364,240495,0.2080425136987145,0.5657528919431852,1.7675561437526108,0.02581699657955,0.6078718342014385,False,:47:29,15,0.2080425136987145,2,0,3,97473,48,5.453604336566592e-79,denied,credit_score_vs_dti,Score=0.000 with DTI=0.21 and CS=397,"{""ndi_value_ok"": true, ""ndi_ratio_ok"": true}",,"{""type"": ""consolidation"", ""consolidate_amount"": 16364.0, ""term_months"": 36, ""apr"": 0.12, ""est_monthly"": 509.1, ""secured_by"": ""collateral""}"
APP_0142,62,98892,9,17738,60,142569,deposit,0,814,37616,179578,0.380374550014153,0.1244169489861041,8.037490134174764,0.0029894565114306,1.6276006259533984,False,:47:29,9,0.380374550014153,25,0,0,17738,60,1.0,approved,credit_score_vs_dti,Score=1.000 with DTI=0.38 and CS=814,"{""ndi_value_ok"": true, ""ndi_ratio_ok"": true}","{""type"": ""standard"", ""amount"": 17738.0, ""term_months"": 60, ""apr"": 0.12, ""est_monthly"": 331.11}",
APP_0143,28,89499,9,95045,60,149062,car,0,766,10073,146349,0.1125487435613793,0.6376205874065782,1.5683307906780832,0.0176994528799977,0.504365874260035,False,:47:29,9,0.1125487435613793,15,0,1,95045,60,1.0,approved,credit_score_vs_dti,Score=1.000 with DTI=0.11 and CS=766,"{""ndi_value_ok"": true, ""ndi_ratio_ok"": true}","{""type"": ""standard"", ""amount"": 95045.0, ""term_months"": 60, ""apr"": 0.1, ""est_monthly"": 1742.49}",
APP_0144,28,110089,4,31417,72,122280,house,1,769,25208,47135,0.2289783720444347,0.2569267255479207,3.892160295381357,0.0039635860278152,1.7187766972749443,False,:47:29,4,0.2289783720444347,5,0,2,31417,72,1.0,approved,credit_score_vs_dti,Score=1.000 with DTI=0.23 and CS=769,"{""ndi_value_ok"": true, ""ndi_ratio_ok"": true}","{""type"": ""standard"", ""amount"": 31417.0, ""term_months"": 72, ""apr"": 0.1, ""est_monthly"": 479.98}",
APP_0145,44,125387,28,13873,36,19575,car,1,480,26939,199831,0.214846834201311,0.7087100893997084,1.4110142002449786,0.0030733737237544,0.322709100510658,False,:47:29,28,0.214846834201311,8,0,0,13873,36,1.4926399527986696e-53,denied,credit_score_vs_dti,Score=0.000 with DTI=0.21 and CS=480,"{""ndi_value_ok"": true, ""ndi_ratio_ok"": true}",,
APP_0146,22,74203,4,33946,48,83334,deposit,1,477,37513,103114,0.505545597886871,0.4073487412100654,2.454898957167193,0.0095307242742017,0.71938119400114,False,:47:29,4,0.505545597886871,22,0,1,33946,48,3.379434432898276e-53,denied,credit_score_vs_dti,Score=0.000 with DTI=0.51 and CS=477,"{""ndi_value_ok"": true, ""ndi_ratio_ok"": true}",,"{""type"": ""consolidation"", ""consolidate_amount"": 37513.0, ""term_months"": 36, ""apr"": 0.12, ""est_monthly"": 1167.07, ""secured_by"": ""collateral""}"
APP_0147,34,128527,2,63396,36,103193,land,0,771,35717,72889,0.2778949170213241,0.6143439962012868,1.6277525395923778,0.0137014012616109,0.4533032996924468,False,:47:29,2,0.2778949170213241,11,0,1,63396,36,1.0,approved,credit_score_vs_dti,Score=1.000 with DTI=0.28 and CS=771,"{""ndi_value_ok"": true, ""ndi_ratio_ok"": true}","{""type"": ""standard"", ""amount"": 63396.0, ""term_months"": 36, ""apr"": 0.1, ""est_monthly"": 1937.1}",
APP_0148,40,64748,28,45650,72,183737,land,0,599,23233,66030,0.3588218941125539,0.2484529517734574,4.024906900328499,0.0097922372547254,1.4456265386015867,False,:47:29,28,0.3588218941125539,18,0,0,45650,72,1.4440478167029919e-09,denied,credit_score_vs_dti,Score=0.000 with DTI=0.36 and CS=599,"{""ndi_value_ok"": true, ""ndi_ratio_ok"": true}",,
APP_0149,63,148052,16,79630,24,50142,car,0,687,15458,294744,0.1044092616107847,1.58808982489726,0.6296873037799745,0.0224104819018209,0.0,False,:47:29,16,0.1044092616107847,24,0,0,79630,24,1.0,approved,credit_score_vs_dti,Score=1.000 with DTI=0.10 and CS=687,"{""ndi_value_ok"": true, ""ndi_ratio_ok"": true}","{""type"": ""standard"", ""amount"": 79630.0, ""term_months"": 24, ""apr"": 0.1, ""est_monthly"": 3649.71}",
APP_0150,64,88065,13,63043,48,103407,house,0,569,18395,39952,0.2088798046897154,0.6096589205759706,1.6402614088796277,0.0149139366752507,0.5065237308425091,False,:47:29,13,0.2088798046897154,6,0,4,63043,48,1.9395077852276422e-17,denied,credit_score_vs_dti,Score=0.000 with DTI=0.21 and CS=569,"{""ndi_value_ok"": true, ""ndi_ratio_ok"": true}",,"{""type"": ""consolidation"", ""consolidate_amount"": 18395.0, ""term_months"": 36, ""apr"": 0.12, ""est_monthly"": 572.29, ""secured_by"": ""collateral""}"
APP_0151,27,117001,22,43074,12,74060,deposit,0,543,20579,241572,0.1758873855778995,0.5816095058060953,1.719366671309799,0.0306792249613323,0.5928391482212726,False,:47:29,22,0.1758873855778995,25,1,2,43074,12,2.797679503133922e-30,denied,credit_score_vs_dti,Score=0.000 with DTI=0.18 and CS=543,"{""ndi_value_ok"": true, ""ndi_ratio_ok"": true}",,"{""type"": ""consolidation"", ""consolidate_amount"": 20579.0, ""term_months"": 36, ""apr"": 0.12, ""est_monthly"": 640.24, ""secured_by"": ""collateral""}"
APP_0152,60,134375,11,65289,72,33798,deposit,1,647,10959,261181,0.0815553488372087,1.9317415231669943,0.5176676009741225,0.0067482170541697,0.0,False,:47:29,11,0.0815553488372087,22,2,1,65289,72,0.9999999991642965,approved,credit_score_vs_dti,Score=1.000 with DTI=0.08 and CS=647,"{""ndi_value_ok"": true, ""ndi_ratio_ok"": true}","{""type"": ""standard"", ""amount"": 65289.0, ""term_months"": 72, ""apr"": 0.1, ""est_monthly"": 997.47}",
APP_0153,25,124081,3,97288,36,27779,deposit,1,747,31270,19005,0.2520127980915672,3.50221390258816,0.2855336732176601,0.0217796797605544,0.0,False,:47:29,3,0.2520127980915672,10,0,2,97288,36,1.0,approved,credit_score_vs_dti,Score=1.000 with DTI=0.25 and CS=747,"{""ndi_value_ok"": true, ""ndi_ratio_ok"": true}","{""type"": ""standard"", ""amount"": 97288.0, ""term_months"": 36, ""apr"": 0.1, ""est_monthly"": 2972.69}",
APP_0154,53,131391,21,44122,36,78152,deposit,1,483,10418,180906,0.0792900579187305,0.5645664858224925,1.771270567970587,0.0093279685144116,0.7101164799652195,False,:47:29,21,0.0792900579187305,7,0,0,44122,36,4.254644515107797e-50,denied,credit_score_vs_dti,Score=0.000 with DTI=0.08 and CS=483,"{""ndi_value_ok"": true, ""ndi_ratio_ok"": true}",,
APP_0155,58,92064,5,19577,48,23824,car,0,745,32433,177447,0.3522875391032287,0.8217343854935854,1.2169382438575258,0.0044301156440972,0.1405136037916422,False,:47:29,5,0.3522875391032287,10,0,3,19577,48,1.0,approved,credit_score_vs_dti,Score=1.000 with DTI=0.35 and CS=745,"{""ndi_value_ok"": true, ""ndi_ratio_ok"": true}","{""type"": ""standard"", ""amount"": 19577.0, ""term_months"": 48, ""apr"": 0.12, ""est_monthly"": 456.8}",
APP_0156,60,30434,16,43834,36,20896,car,0,434,37574,114015,1.2346060327265151,2.097722052067281,0.4767075785919497,0.0400082510047068,0.0,False,:47:29,16,1.2346060327265151,2,0,1,43834,36,1.8724507794758662e-68,denied,credit_score_vs_dti,Score=0.000 with DTI=1.23 and CS=434,"{""ndi_value_ok"": true, ""ndi_ratio_ok"": true}",,"{""type"": ""consolidation"", ""consolidate_amount"": 37574.0, ""term_months"": 48, ""apr"": 0.14, ""est_monthly"": 892.38, ""secured_by"": ""collateral""}"
APP_0157,30,86635,28,84810,72,75366,house,0,521,48091,203347,0.5550989784728971,1.1253084945465976,0.8886452069331342,0.0135963140376325,0.0,False,:47:29,28,0.5550989784728971,12,0,2,84810,72,5.053538785724809e-35,denied,credit_score_vs_dti,Score=0.000 with DTI=0.56 and CS=521,"{""ndi_value_ok"": true, ""ndi_ratio_ok"": true}",,"{""type"": ""consolidation"", ""consolidate_amount"": 48091.0, ""term_months"": 36, ""apr"": 0.12, ""est_monthly"": 1496.16, ""secured_by"": ""collateral""}"
APP_0158,60,47687,28,25674,48,46779,deposit,0,801,5945,128514,0.1246671000482285,0.5488360161610862,1.8220378593128528,0.011216369240859,0.7195567832625184,False,:47:29,28,0.1246671000482285,18,1,1,25674,48,1.0,approved,credit_score_vs_dti,Score=1.000 with DTI=0.12 and CS=801,"{""ndi_value_ok"": true, ""ndi_ratio_ok"": true}","{""type"": ""standard"", ""amount"": 25674.0, ""term_months"": 48, ""apr"": 0.1, ""est_monthly"": 588.36}",
APP_0159,26,136139,10,95168,48,114523,land,0,824,37986,137510,0.2790236449511141,0.8309946473634044,1.2033771856085953,0.0145635465709704,0.1466301419801996,False,:47:29,10,0.2790236449511141,23,1,3,95168,48,1.0,approved,credit_score_vs_dti,Score=1.000 with DTI=0.28 and CS=824,"{""ndi_value_ok"": true, ""ndi_ratio_ok"": true}","{""type"": ""standard"", ""amount"": 95168.0, ""term_months"": 48, ""apr"": 0.1, ""est_monthly"": 2180.93}",
APP_0160,43,54593,23,60889,12,11392,car,0,808,4299,135140,0.0787463594233678,5.344891151684924,0.1870945490975351,0.0929438450517538,0.0,False,:47:29,23,0.0787463594233678,16,0,3,60889,12,1.0,approved,credit_score_vs_dti,Score=1.000 with DTI=0.08 and CS=808,"{""ndi_value_ok"": true, ""ndi_ratio_ok"": true}","{""type"": ""standard"", ""amount"": 60889.0, ""term_months"": 12, ""apr"": 0.1, ""est_monthly"": 5581.49}",
APP_0161,41,53508,18,62149,12,65948,deposit,0,473,16862,242195,0.3151304477835031,0.9423940073997552,1.0611272908654836,0.0967908225480609,0.0418642203232727,False,:47:29,18,0.3151304477835031,3,0,2,62149,12,5.935734730887727e-55,denied,credit_score_vs_dti,Score=0.000 with DTI=0.32 and CS=473,"{""ndi_value_ok"": true, ""ndi_ratio_ok"": true}",,"{""type"": ""consolidation"", ""consolidate_amount"": 16862.0, ""term_months"": 36, ""apr"": 0.12, ""est_monthly"": 524.6, ""secured_by"": ""collateral""}"
APP_0162,34,56173,14,35118,36,95029,land,2,763,8814,193613,0.1569081231196454,0.3695503477885659,2.7059912295688053,0.0173659943384345,1.438307347678621,False,:47:29,14,0.1569081231196454,19,1,3,35118,36,1.0,approved,credit_score_vs_dti,Score=1.000 with DTI=0.16 and CS=763,"{""ndi_value_ok"": true, ""ndi_ratio_ok"": true}","{""type"": ""standard"", ""amount"": 35118.0, ""term_months"": 36, ""apr"": 0.1, ""est_monthly"": 1073.05}",
APP_0163,21,105320,4,92443,72,192923,deposit,0,814,8114,119923,0.0770413976452708,0.4791704462402074,2.0869400603614974,0.0121907572686831,1.0032006789546273,False,:47:29,4,0.0770413976452708,2,0,4,92443,72,1.0,approved,credit_score_vs_dti,Score=1.000 with DTI=0.08 and CS=814,"{""ndi_value_ok"": true, ""ndi_ratio_ok"": true}","{""type"": ""standard"", ""amount"": 92443.0, ""term_months"": 72, ""apr"": 0.1, ""est_monthly"": 1412.32}",
APP_0164,54,96404,11,8425,72,129831,deposit,2,838,8767,278763,0.0909402099497936,0.0648920519752596,15.4102077151317,0.0012137866570605,2.550207104716949,False,:47:29,11,0.0909402099497936,5,0,4,8425,72,1.0,approved,credit_score_vs_dti,Score=1.000 with DTI=0.09 and CS=838,"{""ndi_value_ok"": true, ""ndi_ratio_ok"": true}","{""type"": ""standard"", ""amount"": 8425.0, ""term_months"": 72, ""apr"": 0.12, ""est_monthly"": 131.06}",
APP_0165,35,143605,19,33373,48,177098,house,0,311,2196,242597,0.0152919466592387,0.1884436865464308,5.306625116111668,0.0048415503173207,2.397438112791806,False,:47:29,19,0.0152919466592387,28,1,1,33373,48,1.2339896637744071e-112,denied,credit_score_vs_dti,Score=0.000 with DTI=0.02 and CS=311,"{""ndi_value_ok"": true, ""ndi_ratio_ok"": true}",,"{""type"": ""consolidation"", ""consolidate_amount"": 2196.0, ""term_months"": 36, ""apr"": 0.12, ""est_monthly"": 68.32, ""secured_by"": ""collateral""}"
APP_0166,50,77032,29,44748,48,73912,car,0,709,41155,280506,0.5342584899781839,0.6054226647905535,1.6517386251899158,0.0121021134071628,0.3035417314355105,False,:47:29,29,0.5342584899781839,7,0,4,44748,48,1.0,approved,credit_score_vs_dti,Score=1.000 with DTI=0.53 and CS=709,"{""ndi_value_ok"": true, ""ndi_ratio_ok"": true}","{""type"": ""standard"", ""amount"": 44748.0, ""term_months"": 48, ""apr"": 0.1, ""est_monthly"": 1025.48}",
APP_0167,39,60284,0,50341,36,94344,land,0,848,3056,221845,0.050693384646008,0.5335898414313519,1.874098647225882,0.0231962230620437,0.8297876282835341,False,:47:29,0,0.050693384646008,17,0,0,50341,36,1.0,approved,credit_score_vs_dti,Score=1.000 with DTI=0.05 and CS=848,"{""ndi_value_ok"": true, ""ndi_ratio_ok"": true}","{""type"": ""standard"", ""amount"": 50341.0, ""term_months"": 36, ""apr"": 0.1, ""est_monthly"": 1538.2}",
APP_0168,37,31156,21,50042,24,88713,deposit,0,720,19925,123532,0.6395236872512312,0.5640886904963132,1.7727708724670923,0.066923973977609,0.2785655947065978,False,:47:29,21,0.6395236872512312,20,2,1,50042,24,1.0,approved,credit_score_vs_dti,Score=1.000 with DTI=0.64 and CS=720,"{""ndi_value_ok"": true, ""ndi_ratio_ok"": true}","{""type"": ""standard"", ""amount"": 50042.0, ""term_months"": 24, ""apr"": 0.1, ""est_monthly"": 2293.59}",
APP_0169,59,25884,25,19052,12,178379,house,0,428,34958,234153,1.3505640550146287,0.1068062944629126,9.36274406886367,0.0613377633493393,0.0,False,:47:29,25,1.3505640550146287,24,0,3,19052,12,3.400723845133345e-75,denied,credit_score_vs_dti,Score=0.000 with DTI=1.35 and CS=428,"{""ndi_value_ok"": true, ""ndi_ratio_ok"": true}",,"{""type"": ""consolidation"", ""consolidate_amount"": 34958.0, ""term_months"": 48, ""apr"": 0.14, ""est_monthly"": 830.25, ""secured_by"": ""collateral""}"
APP_0170,25,71701,28,26431,36,192168,car,0,719,49519,105486,0.6906319298196582,0.1375411098622032,7.270553516703595,0.0102396681276975,0.800451727355429,False,:47:29,28,0.6906319298196582,2,0,4,26431,36,1.0,approved,credit_score_vs_dti,Score=1.000 with DTI=0.69 and CS=719,"{""ndi_value_ok"": true, ""ndi_ratio_ok"": true}","{""type"": ""standard"", ""amount"": 26431.0, ""term_months"": 36, ""apr"": 0.1, ""est_monthly"": 807.61}",
APP_0171,53,140727,12,14048,24,192768,land,1,357,42685,88569,0.3033177712876683,0.0728751660026556,13.7220956719808,0.0041593534524927,1.9377341869314613,False,:47:29,12,0.3033177712876683,25,0,3,14048,24,9.551321841679016e-96,denied,credit_score_vs_dti,Score=0.000 with DTI=0.30 and CS=357,"{""ndi_value_ok"": true, ""ndi_ratio_ok"": true}",,"{""type"": ""consolidation"", ""consolidate_amount"": 42685.0, ""term_months"": 36, ""apr"": 0.12, ""est_monthly"": 1327.98, ""secured_by"": ""collateral""}"
APP_0172,53,90469,3,59383,24,152376,deposit,0,564,6860,140803,0.0758270788889003,0.3897136031921012,2.5659868986073024,0.0273496077834788,1.4472426865076438,False,:47:29,3,0.0758270788889003,26,1,1,59383,24,3.416433734852139e-21,denied,credit_score_vs_dti,Score=0.000 with DTI=0.08 and CS=564,"{""ndi_value_ok"": true, ""ndi_ratio_ok"": true}",,"{""type"": ""consolidation"", ""consolidate_amount"": 6860.0, ""term_months"": 36, ""apr"": 0.12, ""est_monthly"": 213.42, ""secured_by"": ""collateral""}"
APP_0173,37,136693,8,38332,24,104597,house,0,644,49386,291098,0.3612913609328908,0.3664732258095321,2.7287123030365565,0.0116843339936946,1.10414348241107,False,:47:29,8,0.3612913609328908,20,0,2,38332,24,0.9999938200931076,approved,credit_score_vs_dti,Score=1.000 with DTI=0.36 and CS=644,"{""ndi_value_ok"": true, ""ndi_ratio_ok"": true}","{""type"": ""standard"", ""amount"": 38332.0, ""term_months"": 24, ""apr"": 0.1, ""est_monthly"": 1756.88}",
APP_0174,32,37708,25,58748,12,111844,land,0,551,32676,174700,0.8665535164951506,0.5252673366474685,1.9037924695308448,0.1298309819205093,0.1206079268770585,False,:47:29,25,0.8665535164951506,12,1,4,58748,12,2.3354887048704554e-27,denied,credit_score_vs_dti,Score=0.000 with DTI=0.87 and CS=551,"{""ndi_value_ok"": true, ""ndi_ratio_ok"": true}",,"{""type"": ""consolidation"", ""consolidate_amount"": 32676.0, ""term_months"": 48, ""apr"": 0.14, ""est_monthly"": 776.06, ""secured_by"": ""collateral""}"
APP_0175,21,36665,26,61022,48,196257,car,0,684,8978,121270,0.2448656757125257,0.3109290369260699,3.216167939431628,0.0346731669614113,1.561023408260854,False,:47:29,26,0.2448656757125257,8,0,1,61022,48,1.0,approved,credit_score_vs_dti,Score=1.000 with DTI=0.24 and CS=684,"{""ndi_value_ok"": true, ""ndi_ratio_ok"": true}","{""type"": ""standard"", ""amount"": 61022.0, ""term_months"": 48, ""apr"": 0.1, ""est_monthly"": 1398.42}",
APP_0176,62,129182,19,71690,72,62631,house,0,432,22436,143927,0.173677447322381,1.1446408328144029,0.8736364904449592,0.0077076871733725,0.0,False,:47:29,19,0.173677447322381,18,0,0,71690,72,2.201787830622581e-65,denied,credit_score_vs_dti,Score=0.000 with DTI=0.17 and CS=432,"{""ndi_value_ok"": true, ""ndi_ratio_ok"": true}",,
APP_0177,62,38342,3,56968,60,74567,land,0,633,45894,94452,1.196964164623619,0.7639840680193548,1.3089278191265044,0.0247630970385169,0.0,False,:47:29,3,1.196964164623619,20,0,3,56968,60,0.9996993767201774,approved,credit_score_vs_dti,Score=1.000 with DTI=1.20 and CS=633,"{""ndi_value_ok"": true, ""ndi_ratio_ok"": true}","{""type"": ""standard"", ""amount"": 56968.0, ""term_months"": 60, ""apr"": 0.1, ""est_monthly"": 1044.41}",
APP_0178,31,31495,3,66555,36,180223,car,2,654,19645,201038,0.6237498015557827,0.3692924876403102,2.7078807001727485,0.0586997936164022,0.642590452359053,False,:47:29,3,0.6237498015557827,9,0,4,66555,36,0.9999999995145641,approved,credit_score_vs_dti,Score=1.000 with DTI=0.62 and CS=654,"{""ndi_value_ok"": true, ""ndi_ratio_ok"": true}","{""type"": ""standard"", ""amount"": 66555.0, ""term_months"": 36, ""apr"": 0.1, ""est_monthly"": 2033.62}",
APP_0179,22,75511,14,60779,36,82173,land,1,648,9181,111623,0.1215849346452818,0.7396468426368669,1.3519965777653244,0.0223584054708404,0.3091990968623896,False,:47:29,14,0.1215849346452818,20,0,4,60779,36,0.9999999997881814,approved,credit_score_vs_dti,Score=1.000 with DTI=0.12 and CS=648,"{""ndi_value_ok"": true, ""ndi_ratio_ok"": true}","{""type"": ""standard"", ""amount"": 60779.0, ""term_months"": 36, ""apr"": 0.1, ""est_monthly"": 1857.14}",
APP_0180,26,140605,17,66981,24,53138,car,1,459,43754,170775,0.3111838128089306,1.2605103692272712,0.7933294516355266,0.019849045196712,0.0,False,:47:29,17,0.3111838128089306,5,0,2,66981,24,2.584691694592794e-56,denied,credit_score_vs_dti,Score=0.000 with DTI=0.31 and CS=459,"{""ndi_value_ok"": true, ""ndi_ratio_ok"": true}",,"{""type"": ""consolidation"", ""consolidate_amount"": 43754.0, ""term_months"": 36, ""apr"": 0.12, ""est_monthly"": 1361.24, ""secured_by"": ""collateral""}"
APP_0181,23,111172,0,63581,12,115610,deposit,0,467,47648,117247,0.4285971287734283,0.5499610760314804,1.8183105015649044,0.0476596325174062,0.4675849701490563,False,:47:29,0,0.4285971287734283,7,0,2,63581,12,5.499206183134003e-54,denied,credit_score_vs_dti,Score=0.000 with DTI=0.43 and CS=467,"{""ndi_value_ok"": true, ""ndi_ratio_ok"": true}",,"{""type"": ""consolidation"", ""consolidate_amount"": 47648.0, ""term_months"": 36, ""apr"": 0.12, ""est_monthly"": 1482.38, ""secured_by"": ""collateral""}"
APP_0182,57,37389,20,35040,48,70465,house,0,441,48779,103007,1.3046350530904465,0.4972681473071667,2.010987442922317,0.0195244590650932,0.0,False,:47:29,20,1.3046350530904465,0,0,2,35040,48,1.3647360234985369e-66,denied,credit_score_vs_dti,Score=0.000 with DTI=1.30 and CS=441,"{""ndi_value_ok"": true, ""ndi_ratio_ok"": true}",,"{""type"": ""consolidation"", ""consolidate_amount"": 48779.0, ""term_months"": 48, ""apr"": 0.14, ""est_monthly"": 1158.5, ""secured_by"": ""collateral""}"
APP_0183,60,129641,16,28397,48,179047,deposit,1,553,47785,291368,0.3685948118265026,0.1586008143113252,6.305137866675835,0.0045634032956729,1.5937914335063552,False,:47:29,16,0.3685948118265026,8,0,0,28397,48,7.026701250273602e-29,denied,credit_score_vs_dti,Score=0.000 with DTI=0.37 and CS=553,"{""ndi_value_ok"": true, ""ndi_ratio_ok"": true}",,
APP_0184,27,130446,0,79806,12,182540,house,0,622,43642,110261,0.3345598945157357,0.4371973266133426,2.287296694484095,0.050982782143153,0.8566188481670529,False,:47:29,0,0.3345598945157357,6,0,2,79806,12,0.99819034533473,approved,credit_score_vs_dti,Score=0.998 with DTI=0.33 and CS=622,"{""ndi_value_ok"": true, ""ndi_ratio_ok"": true}","{""type"": ""standard"", ""amount"": 79806.0, ""term_months"": 12, ""apr"": 0.1, ""est_monthly"": 7315.55}",
APP_0185,53,125087,2,37556,36,66753,land,0,499,22724,30450,0.1816655607697028,0.5626114182134052,1.777425710938285,0.0083399731562291,0.6361942332039304,False,:47:29,2,0.1816655607697028,24,1,1,37556,36,8.531632462377821e-43,denied,credit_score_vs_dti,Score=0.000 with DTI=0.18 and CS=499,"{""ndi_value_ok"": true, ""ndi_ratio_ok"": true}",,"{""type"": ""consolidation"", ""consolidate_amount"": 22724.0, ""term_months"": 36, ""apr"": 0.12, ""est_monthly"": 706.97, ""secured_by"": ""collateral""}"
APP_0186,28,137831,13,57168,24,109672,car,0,525,9615,119791,0.0697593429634837,0.5212634036034673,1.9184158970052845,0.0172820337942896,0.8543478074630019,False,:47:29,13,0.0697593429634837,26,0,1,57168,24,2.0024061661790578e-33,denied,credit_score_vs_dti,Score=0.000 with DTI=0.07 and CS=525,"{""ndi_value_ok"": true, ""ndi_ratio_ok"": true}",,"{""type"": ""consolidation"", ""consolidate_amount"": 9615.0, ""term_months"": 36, ""apr"": 0.12, ""est_monthly"": 299.13, ""secured_by"": ""collateral""}"
APP_0187,37,54984,21,23712,24,196926,car,1,457,30857,164321,0.5611996217081231,0.1204107126534834,8.304908906882241,0.017968863668682,1.1578923360874016,False,:47:29,21,0.5611996217081231,26,0,4,23712,24,5.373238553689779e-63,denied,credit_score_vs_dti,Score=0.000 with DTI=0.56 and CS=457,"{""ndi_value_ok"": true, ""ndi_ratio_ok"": true}",,"{""type"": ""consolidation"", ""consolidate_amount"": 30857.0, ""term_months"": 36, ""apr"": 0.12, ""est_monthly"": 960.0, ""secured_by"": ""collateral""}"
APP_0188,47,147446,24,45984,60,150525,house,0,420,11039,37445,0.0748680872997566,0.3054907822620807,3.2734211899790524,0.0051978351395576,1.927537922981493,False,:47:29,24,0.0748680872997566,29,1,0,45984,60,5.3546625507330295e-70,denied,credit_score_vs_dti,Score=0.000 with DTI=0.07 and CS=420,"{""ndi_value_ok"": true, ""ndi_ratio_ok"": true}",,
APP_0189,52,65087,12,55318,48,49400,land,1,661,23657,98648,0.3634673590732348,1.1197975708501795,0.8930185473082741,0.017706428830785,0.0,False,:47:29,12,0.3634673590732348,18,0,3,55318,48,0.9999999999999891,approved,credit_score_vs_dti,Score=1.000 with DTI=0.36 and CS=661,"{""ndi_value_ok"": true, ""ndi_ratio_ok"": true}","{""type"": ""standard"", ""amount"": 55318.0, ""term_months"": 48, ""apr"": 0.1, ""est_monthly"": 1267.7}",
APP_0190,59,125253,8,64471,48,121423,house,1,748,32803,58158,0.2618939266923725,0.5309620088451074,1.8833739200570507,0.0107234623785884,0.6520236553956933,False,:47:29,8,0.2618939266923725,13,0,3,64471,48,1.0,approved,credit_score_vs_dti,Score=1.000 with DTI=0.26 and CS=748,"{""ndi_value_ok"": true, ""ndi_ratio_ok"": true}","{""type"": ""standard"", ""amount"": 64471.0, ""term_months"": 48, ""apr"": 0.1, ""est_monthly"": 1477.46}",
APP_0191,22,97420,29,55005,60,127018,land,0,459,47328,155188,0.4858140012317749,0.4330488592168005,2.309208253795068,0.0094102853621916,0.6731765535732342,False,:47:29,29,0.4858140012317749,17,0,4,55005,60,2.0868688093537e-58,denied,credit_score_vs_dti,Score=0.000 with DTI=0.49 and CS=459,"{""ndi_value_ok"": true, ""ndi_ratio_ok"": true}",,"{""type"": ""consolidation"", ""consolidate_amount"": 47328.0, ""term_months"": 36, ""apr"": 0.12, ""est_monthly"": 1472.43, ""secured_by"": ""collateral""}"
APP_0192,29,122434,13,39262,72,133460,land,1,773,14454,219703,0.1180554421157512,0.294185523752433,3.3992155264631605,0.0044538735608407,1.8674677086073888,False,:47:29,13,0.1180554421157512,11,0,1,39262,72,1.0,approved,credit_score_vs_dti,Score=1.000 with DTI=0.12 and CS=773,"{""ndi_value_ok"": true, ""ndi_ratio_ok"": true}","{""type"": ""standard"", ""amount"": 39262.0, ""term_months"": 72, ""apr"": 0.1, ""est_monthly"": 599.84}",
APP_0193,33,103477,9,96368,60,12802,deposit,0,614,12595,290859,0.12171786967152,7.52757381659057,0.132844927776854,0.0155216457116706,0.0,False,:47:29,9,0.12171786967152,14,0,1,96368,60,0.05278260843829039,denied,credit_score_vs_dti,Score=0.053 with DTI=0.12 and CS=614,"{""ndi_value_ok"": true, ""ndi_ratio_ok"": true}",,"{""type"": ""consolidation"", ""consolidate_amount"": 12595.0, ""term_months"": 36, ""apr"": 0.12, ""est_monthly"": 391.84, ""secured_by"": ""collateral""}"
APP_0194,34,105310,13,53710,48,65481,land,0,392,36736,122838,0.3488367676383976,0.820237931613738,1.219158443492809,0.010625375874181,0.1427079204641372,False,:47:29,13,0.3488367676383976,8,0,4,53710,48,4.30991332902986e-81,denied,credit_score_vs_dti,Score=0.000 with DTI=0.35 and CS=392,"{""ndi_value_ok"": true, ""ndi_ratio_ok"": true}",,"{""type"": ""consolidation"", ""consolidate_amount"": 36736.0, ""term_months"": 36, ""apr"": 0.12, ""est_monthly"": 1142.9, ""secured_by"": ""collateral""}"
APP_0195,64,102035,0,81788,72,172085,car,0,501,322,260344,0.003155779879453,0.4752767527675249,2.10403726708072,0.0111328901301382,1.1005531684871177,False,:47:29,0,0.003155779879453,20,0,0,81788,72,2.658400680207737e-43,denied,credit_score_vs_dti,Score=0.000 with DTI=0.00 and CS=501,"{""ndi_value_ok"": true, ""ndi_ratio_ok"": true}",,
APP_0196,55,122374,9,74987,36,54343,land,2,304,28321,72216,0.231429878895842,1.3798833336400018,0.724698947817612,0.0170213625620176,0.0,False,:47:29,9,0.231429878895842,28,0,0,74987,36,3.041327854371061e-109,denied,credit_score_vs_dti,Score=0.000 with DTI=0.23 and CS=304,"{""ndi_value_ok"": true, ""ndi_ratio_ok"": true}",,
APP_0197,35,117380,15,58040,72,65541,deposit,0,321,37295,236344,0.3177287442494435,0.8855525548892924,1.1292384562370583,0.0068675337459525,0.0881756838281433,False,:47:29,15,0.3177287442494435,4,0,3,58040,72,3.546167404549544e-107,denied,credit_score_vs_dti,Score=0.000 with DTI=0.32 and CS=321,"{""ndi_value_ok"": true, ""ndi_ratio_ok"": true}",,"{""type"": ""consolidation"", ""consolidate_amount"": 37295.0, ""term_months"": 36, ""apr"": 0.12, ""est_monthly"": 1160.29, ""secured_by"": ""collateral""}"
APP_0198,63,41819,27,89208,60,69918,car,0,484,27545,173174,0.658671895549854,1.275894619411292,0.7837637880010673,0.0355532174364567,0.0,False,:47:29,27,0.658671895549854,1,0,2,89208,60,2.6818020098981935e-48,denied,credit_score_vs_dti,Score=0.000 with DTI=0.66 and CS=484,"{""ndi_value_ok"": true, ""ndi_ratio_ok"": true}",,"{""type"": ""consolidation"", ""consolidate_amount"": 27545.0, ""term_months"": 48, ""apr"": 0.14, ""est_monthly"": 654.19, ""secured_by"": ""collateral""}"
APP_0199,42,128256,22,17185,48,42058,house,0,549,19197,229870,0.1496772080838311,0.4086024062009509,2.4473668897292726,0.002791454850657,1.2307290546016865,False,:47:29,22,0.1496772080838311,11,0,2,17185,48,1.6415187242222335e-29,denied,credit_score_vs_dti,Score=0.000 with DTI=0.15 and CS=549,"{""ndi_value_ok"": true, ""ndi_ratio_ok"": true}",,"{""type"": ""consolidation"", ""consolidate_amount"": 19197.0, ""term_months"": 36, ""apr"": 0.12, ""est_monthly"": 597.24, ""secured_by"": ""collateral""}"
APP_0200,43,92008,23,92500,72,37844,deposit,0,738,41427,229106,0.4502543257108028,2.4442447944191303,0.4091243243243199,0.013963157792848,0.0,False,:47:29,23,0.4502543257108028,12,0,2,92500,72,1.0,approved,credit_score_vs_dti,Score=1.000 with DTI=0.45 and CS=738,"{""ndi_value_ok"": true, ""ndi_ratio_ok"": true}","{""type"": ""standard"", ""amount"": 92500.0, ""term_months"": 72, ""apr"": 0.1, ""est_monthly"": 1413.19}",
