application_id,ai_decision,rule_reasons,customer_type,human_decision,human_rule_reasons
APP_0001,denied,"{""model_threshold"": false, ""ndi_value"": true, ""ndi_ratio"": true}",bank,denied,"{""model_threshold"": false, ""ndi_value"": true, ""ndi_ratio"": true}"
APP_0002,denied,"{""model_threshold"": false, ""ndi_value"": true, ""ndi_ratio"": true}",bank,denied,"{""model_threshold"": false, ""ndi_value"": true, ""ndi_ratio"": true}"
APP_0003,denied,"{""model_threshold"": false, ""ndi_value"": true, ""ndi_ratio"": true}",bank,denied,"{""model_threshold"": false, ""ndi_value"": true, ""ndi_ratio"": true}"
APP_0004,denied,"{""model_threshold"": false, ""ndi_value"": true, ""ndi_ratio"": true}",bank,denied,"{""model_threshold"": false, ""ndi_value"": true, ""ndi_ratio"": true}"
APP_0005,denied,"{""model_threshold"": false, ""ndi_value"": true, ""ndi_ratio"": true}",non-bank,denied,"{""model_threshold"": false, ""ndi_value"": true, ""ndi_ratio"": true}"
APP_0006,denied,"{""model_threshold"": false, ""ndi_value"": true, ""ndi_ratio"": true}",bank,denied,"{""model_threshold"": false, ""ndi_value"": true, ""ndi_ratio"": true}"
APP_0007,denied,"{""model_threshold"": false, ""ndi_value"": true, ""ndi_ratio"": true}",bank,denied,"{""model_threshold"": false, ""ndi_value"": true, ""ndi_ratio"": true}"
APP_0008,denied,"{""model_threshold"": false, ""ndi_value"": false, ""ndi_ratio"": false}",bank,denied,"{""model_threshold"": false, ""ndi_value"": false, ""ndi_ratio"": false}"
APP_0009,denied,"{""model_threshold"": false, ""ndi_value"": true, ""ndi_ratio"": true}",non-bank,denied,"{""model_threshold"": false, ""ndi_value"": true, ""ndi_ratio"": true}"
APP_0010,denied,"{""model_threshold"": false, ""ndi_value"": true, ""ndi_ratio"": true}",bank,denied,"{""model_threshold"": false, ""ndi_value"": true, ""ndi_ratio"": true}"
APP_0011,denied,"{""model_threshold"": false, ""ndi_value"": true, ""ndi_ratio"": true}",bank,denied,"{""model_threshold"": false, ""ndi_value"": true, ""ndi_ratio"": true}"
APP_0012,denied,"{""model_threshold"": false, ""ndi_value"": true, ""ndi_ratio"": true}",bank,denied,"{""model_threshold"": false, ""ndi_value"": true, ""ndi_ratio"": true}"
APP_0013,denied,"{""model_threshold"": false, ""ndi_value"": true, ""ndi_ratio"": true}",bank,denied,"{""model_threshold"": false, ""ndi_value"": true, ""ndi_ratio"": true}"
APP_0014,denied,"{""model_threshold"": false, ""ndi_value"": false, ""ndi_ratio"": false}",bank,denied,"{""model_threshold"": false, ""ndi_value"": false, ""ndi_ratio"": false}"
APP_0015,denied,"{""model_threshold"": false, ""ndi_value"": true, ""ndi_ratio"": true}",bank,denied,"{""model_threshold"": false, ""ndi_value"": true, ""ndi_ratio"": true}"
APP_0016,denied,"{""model_threshold"": false, ""ndi_value"": true, ""ndi_ratio"": true}",non-bank,denied,"{""model_threshold"": false, ""ndi_value"": true, ""ndi_ratio"": true}"
APP_0017,denied,"{""model_threshold"": false, ""ndi_value"": true, ""ndi_ratio"": true}",bank,denied,"{""model_threshold"": false, ""ndi_value"": true, ""ndi_ratio"": true}"
APP_0018,denied,"{""model_threshold"": false, ""ndi_value"": false, ""ndi_ratio"": false}",non-bank,denied,"{""model_threshold"": false, ""ndi_value"": false, ""ndi_ratio"": false}"
APP_0019,denied,"{""model_threshold"": false, ""ndi_value"": true, ""ndi_ratio"": true}",bank,denied,"{""model_threshold"": false, ""ndi_value"": true, ""ndi_ratio"": true}"
APP_0020,denied,"{""model_threshold"": false, ""ndi_value"": true, ""ndi_ratio"": true}",bank,denied,"{""model_threshold"": false, ""ndi_value"": true, ""ndi_ratio"": true}"
APP_0021,denied,"{""model_threshold"": false, ""ndi_value"": true, ""ndi_ratio"": true}",bank,denied,"{""model_threshold"": false, ""ndi_value"": true, ""ndi_ratio"": true}"
APP_0022,denied,"{""model_threshold"": false, ""ndi_value"": true, ""ndi_ratio"": true}",bank,denied,"{""model_threshold"": false, ""ndi_value"": true, ""ndi_ratio"": true}"
APP_0023,denied,"{""model_threshold"": false, ""ndi_value"": true, ""ndi_ratio"": false}",bank,denied,"{""model_threshold"": false, ""ndi_value"": true, ""ndi_ratio"": false}"
APP_0024,denied,"{""model_threshold"": false, ""ndi_value"": true, ""ndi_ratio"": true}",bank,denied,"{""model_threshold"": false, ""ndi_value"": true, ""ndi_ratio"": true}"
APP_0025,denied,"{""model_threshold"": false, ""ndi_value"": true, ""ndi_ratio"": true}",bank,denied,"{""model_threshold"": false, ""ndi_value"": true, ""ndi_ratio"": true}"
APP_0026,denied,"{""model_threshold"": false, ""ndi_value"": true, ""ndi_ratio"": true}",non-bank,denied,"{""model_threshold"": false, ""ndi_value"": true, ""ndi_ratio"": true}"
APP_0027,denied,"{""model_threshold"": false, ""ndi_value"": true, ""ndi_ratio"": true}",bank,denied,"{""model_threshold"": false, ""ndi_value"": true, ""ndi_ratio"": true}"
APP_0028,denied,"{""model_threshold"": false, ""ndi_value"": true, ""ndi_ratio"": false}",non-bank,denied,"{""model_threshold"": false, ""ndi_value"": true, ""ndi_ratio"": false}"
APP_0029,denied,"{""model_threshold"": false, ""ndi_value"": true, ""ndi_ratio"": false}",non-bank,denied,"{""model_threshold"": false, ""ndi_value"": true, ""ndi_ratio"": false}"
APP_0030,denied,"{""model_threshold"": false, ""ndi_value"": true, ""ndi_ratio"": false}",bank,denied,"{""model_threshold"": false, ""ndi_value"": true, ""ndi_ratio"": false}"
APP_0031,denied,"{""model_threshold"": false, ""ndi_value"": true, ""ndi_ratio"": false}",bank,denied,"{""model_threshold"": false, ""ndi_value"": true, ""ndi_ratio"": false}"
APP_0032,denied,"{""model_threshold"": false, ""ndi_value"": true, ""ndi_ratio"": true}",bank,denied,"{""model_threshold"": false, ""ndi_value"": true, ""ndi_ratio"": true}"
APP_0033,denied,"{""model_threshold"": false, ""ndi_value"": true, ""ndi_ratio"": true}",bank,denied,"{""model_threshold"": false, ""ndi_value"": true, ""ndi_ratio"": true}"
APP_0034,denied,"{""model_threshold"": false, ""ndi_value"": true, ""ndi_ratio"": true}",bank,denied,"{""model_threshold"": false, ""ndi_value"": true, ""ndi_ratio"": true}"
APP_0035,denied,"{""model_threshold"": false, ""ndi_value"": true, ""ndi_ratio"": false}",bank,denied,"{""model_threshold"": false, ""ndi_value"": true, ""ndi_ratio"": false}"
APP_0036,denied,"{""model_threshold"": false, ""ndi_value"": true, ""ndi_ratio"": true}",non-bank,denied,"{""model_threshold"": false, ""ndi_value"": true, ""ndi_ratio"": true}"
APP_0037,denied,"{""model_threshold"": false, ""ndi_value"": true, ""ndi_ratio"": true}",non-bank,denied,"{""model_threshold"": false, ""ndi_value"": true, ""ndi_ratio"": true}"
APP_0038,denied,"{""model_threshold"": false, ""ndi_value"": true, ""ndi_ratio"": true}",bank,denied,"{""model_threshold"": false, ""ndi_value"": true, ""ndi_ratio"": true}"
APP_0039,denied,"{""model_threshold"": false, ""ndi_value"": true, ""ndi_ratio"": true}",non-bank,denied,"{""model_threshold"": false, ""ndi_value"": true, ""ndi_ratio"": true}"
APP_0040,denied,"{""model_threshold"": false, ""ndi_value"": true, ""ndi_ratio"": true}",bank,denied,"{""model_threshold"": false, ""ndi_value"": true, ""ndi_ratio"": true}"
APP_0041,denied,"{""model_threshold"": false, ""ndi_value"": true, ""ndi_ratio"": false}",bank,denied,"{""model_threshold"": false, ""ndi_value"": true, ""ndi_ratio"": false}"
APP_0042,denied,"{""model_threshold"": false, ""ndi_value"": true, ""ndi_ratio"": false}",bank,denied,"{""model_threshold"": false, ""ndi_value"": true, ""ndi_ratio"": false}"
APP_0043,denied,"{""model_threshold"": false, ""ndi_value"": true, ""ndi_ratio"": true}",bank,denied,"{""model_threshold"": false, ""ndi_value"": true, ""ndi_ratio"": true}"
APP_0044,denied,"{""model_threshold"": false, ""ndi_value"": true, ""ndi_ratio"": false}",bank,denied,"{""model_threshold"": false, ""ndi_value"": true, ""ndi_ratio"": false}"
APP_0045,denied,"{""model_threshold"": false, ""ndi_value"": false, ""ndi_ratio"": false}",bank,denied,"{""model_threshold"": false, ""ndi_value"": false, ""ndi_ratio"": false}"
APP_0046,denied,"{""model_threshold"": false, ""ndi_value"": true, ""ndi_ratio"": true}",bank,denied,"{""model_threshold"": false, ""ndi_value"": true, ""ndi_ratio"": true}"
APP_0047,denied,"{""model_threshold"": false, ""ndi_value"": true, ""ndi_ratio"": true}",bank,denied,"{""model_threshold"": false, ""ndi_value"": true, ""ndi_ratio"": true}"
APP_0048,denied,"{""model_threshold"": false, ""ndi_value"": true, ""ndi_ratio"": true}",non-bank,denied,"{""model_threshold"": false, ""ndi_value"": true, ""ndi_ratio"": true}"
APP_0049,denied,"{""model_threshold"": false, ""ndi_value"": true, ""ndi_ratio"": true}",bank,denied,"{""model_threshold"": false, ""ndi_value"": true, ""ndi_ratio"": true}"
APP_0050,denied,"{""model_threshold"": false, ""ndi_value"": true, ""ndi_ratio"": true}",non-bank,denied,"{""model_threshold"": false, ""ndi_value"": true, ""ndi_ratio"": true}"
APP_0051,denied,"{""model_threshold"": false, ""ndi_value"": true, ""ndi_ratio"": true}",non-bank,denied,"{""model_threshold"": false, ""ndi_value"": true, ""ndi_ratio"": true}"
APP_0052,denied,"{""model_threshold"": false, ""ndi_value"": true, ""ndi_ratio"": false}",non-bank,denied,"{""model_threshold"": false, ""ndi_value"": true, ""ndi_ratio"": false}"
APP_0053,denied,"{""model_threshold"": false, ""ndi_value"": true, ""ndi_ratio"": true}",bank,denied,"{""model_threshold"": false, ""ndi_value"": true, ""ndi_ratio"": true}"
APP_0054,denied,"{""model_threshold"": false, ""ndi_value"": true, ""ndi_ratio"": true}",bank,denied,"{""model_threshold"": false, ""ndi_value"": true, ""ndi_ratio"": true}"
APP_0055,denied,"{""model_threshold"": false, ""ndi_value"": true, ""ndi_ratio"": true}",bank,denied,"{""model_threshold"": false, ""ndi_value"": true, ""ndi_ratio"": true}"
APP_0056,denied,"{""model_threshold"": false, ""ndi_value"": true, ""ndi_ratio"": true}",bank,denied,"{""model_threshold"": false, ""ndi_value"": true, ""ndi_ratio"": true}"
APP_0057,denied,"{""model_threshold"": false, ""ndi_value"": true, ""ndi_ratio"": true}",bank,denied,"{""model_threshold"": false, ""ndi_value"": true, ""ndi_ratio"": true}"
APP_0058,denied,"{""model_threshold"": false, ""ndi_value"": true, ""ndi_ratio"": true}",bank,denied,"{""model_threshold"": false, ""ndi_value"": true, ""ndi_ratio"": true}"
APP_0059,denied,"{""model_threshold"": false, ""ndi_value"": true, ""ndi_ratio"": true}",non-bank,denied,"{""model_threshold"": false, ""ndi_value"": true, ""ndi_ratio"": true}"
APP_0060,denied,"{""model_threshold"": false, ""ndi_value"": true, ""ndi_ratio"": true}",non-bank,denied,"{""model_threshold"": false, ""ndi_value"": true, ""ndi_ratio"": true}"
APP_0061,denied,"{""model_threshold"": false, ""ndi_value"": true, ""ndi_ratio"": true}",bank,denied,"{""model_threshold"": false, ""ndi_value"": true, ""ndi_ratio"": true}"
APP_0062,denied,"{""model_threshold"": false, ""ndi_value"": true, ""ndi_ratio"": true}",bank,denied,"{""model_threshold"": false, ""ndi_value"": true, ""ndi_ratio"": true}"
APP_0063,denied,"{""model_threshold"": false, ""ndi_value"": true, ""ndi_ratio"": true}",bank,denied,"{""model_threshold"": false, ""ndi_value"": true, ""ndi_ratio"": true}"
APP_0064,denied,"{""model_threshold"": false, ""ndi_value"": true, ""ndi_ratio"": true}",bank,denied,"{""model_threshold"": false, ""ndi_value"": true, ""ndi_ratio"": true}"
APP_0065,denied,"{""model_threshold"": false, ""ndi_value"": true, ""ndi_ratio"": true}",bank,denied,"{""model_threshold"": false, ""ndi_value"": true, ""ndi_ratio"": true}"
APP_0066,denied,"{""model_threshold"": false, ""ndi_value"": true, ""ndi_ratio"": true}",bank,denied,"{""model_threshold"": false, ""ndi_value"": true, ""ndi_ratio"": true}"
APP_0067,denied,"{""model_threshold"": false, ""ndi_value"": false, ""ndi_ratio"": false}",bank,denied,"{""model_threshold"": false, ""ndi_value"": false, ""ndi_ratio"": false}"
APP_0068,denied,"{""model_threshold"": false, ""ndi_value"": true, ""ndi_ratio"": true}",bank,denied,"{""model_threshold"": false, ""ndi_value"": true, ""ndi_ratio"": true}"
APP_0069,denied,"{""model_threshold"": false, ""ndi_value"": true, ""ndi_ratio"": false}",non-bank,denied,"{""model_threshold"": false, ""ndi_value"": true, ""ndi_ratio"": false}"
APP_0070,denied,"{""model_threshold"": false, ""ndi_value"": false, ""ndi_ratio"": false}",bank,denied,"{""model_threshold"": false, ""ndi_value"": false, ""ndi_ratio"": false}"
APP_0071,denied,"{""model_threshold"": false, ""ndi_value"": true, ""ndi_ratio"": true}",non-bank,denied,"{""model_threshold"": false, ""ndi_value"": true, ""ndi_ratio"": true}"
APP_0072,denied,"{""model_threshold"": false, ""ndi_value"": true, ""ndi_ratio"": true}",bank,denied,"{""model_threshold"": false, ""ndi_value"": true, ""ndi_ratio"": true}"
APP_0073,denied,"{""model_threshold"": false, ""ndi_value"": true, ""ndi_ratio"": true}",bank,denied,"{""model_threshold"": false, ""ndi_value"": true, ""ndi_ratio"": true}"
APP_0074,denied,"{""model_threshold"": false, ""ndi_value"": true, ""ndi_ratio"": false}",non-bank,denied,"{""model_threshold"": false, ""ndi_value"": true, ""ndi_ratio"": false}"
APP_0075,denied,"{""model_threshold"": false, ""ndi_value"": true, ""ndi_ratio"": true}",non-bank,denied,"{""model_threshold"": false, ""ndi_value"": true, ""ndi_ratio"": true}"
APP_0076,denied,"{""model_threshold"": false, ""ndi_value"": true, ""ndi_ratio"": true}",non-bank,denied,"{""model_threshold"": false, ""ndi_value"": true, ""ndi_ratio"": true}"
APP_0077,denied,"{""model_threshold"": false, ""ndi_value"": true, ""ndi_ratio"": true}",non-bank,denied,"{""model_threshold"": false, ""ndi_value"": true, ""ndi_ratio"": true}"
APP_0078,denied,"{""model_threshold"": false, ""ndi_value"": true, ""ndi_ratio"": true}",bank,denied,"{""model_threshold"": false, ""ndi_value"": true, ""ndi_ratio"": true}"
APP_0079,denied,"{""model_threshold"": false, ""ndi_value"": true, ""ndi_ratio"": true}",bank,denied,"{""model_threshold"": false, ""ndi_value"": true, ""ndi_ratio"": true}"
APP_0080,denied,"{""model_threshold"": false, ""ndi_value"": true, ""ndi_ratio"": true}",bank,denied,"{""model_threshold"": false, ""ndi_value"": true, ""ndi_ratio"": true}"
APP_0081,denied,"{""model_threshold"": false, ""ndi_value"": true, ""ndi_ratio"": false}",bank,denied,"{""model_threshold"": false, ""ndi_value"": true, ""ndi_ratio"": false}"
APP_0082,denied,"{""model_threshold"": false, ""ndi_value"": true, ""ndi_ratio"": true}",bank,denied,"{""model_threshold"": false, ""ndi_value"": true, ""ndi_ratio"": true}"
APP_0083,denied,"{""model_threshold"": false, ""ndi_value"": true, ""ndi_ratio"": true}",bank,denied,"{""model_threshold"": false, ""ndi_value"": true, ""ndi_ratio"": true}"
APP_0084,denied,"{""model_threshold"": false, ""ndi_value"": true, ""ndi_ratio"": true}",non-bank,denied,"{""model_threshold"": false, ""ndi_value"": true, ""ndi_ratio"": true}"
APP_0085,denied,"{""model_threshold"": false, ""ndi_value"": true, ""ndi_ratio"": false}",non-bank,denied,"{""model_threshold"": false, ""ndi_value"": true, ""ndi_ratio"": false}"
APP_0086,denied,"{""model_threshold"": false, ""ndi_value"": false, ""ndi_ratio"": false}",non-bank,denied,"{""model_threshold"": false, ""ndi_value"": false, ""ndi_ratio"": false}"
APP_0087,denied,"{""model_threshold"": false, ""ndi_value"": true, ""ndi_ratio"": false}",bank,denied,"{""model_threshold"": false, ""ndi_value"": true, ""ndi_ratio"": false}"
APP_0088,denied,"{""model_threshold"": false, ""ndi_value"": true, ""ndi_ratio"": false}",bank,denied,"{""model_threshold"": false, ""ndi_value"": true, ""ndi_ratio"": false}"
APP_0089,denied,"{""model_threshold"": false, ""ndi_value"": true, ""ndi_ratio"": true}",non-bank,denied,"{""model_threshold"": false, ""ndi_value"": true, ""ndi_ratio"": true}"
APP_0090,denied,"{""model_threshold"": false, ""ndi_value"": true, ""ndi_ratio"": false}",bank,denied,"{""model_threshold"": false, ""ndi_value"": true, ""ndi_ratio"": false}"
APP_0091,denied,"{""model_threshold"": false, ""ndi_value"": true, ""ndi_ratio"": true}",non-bank,denied,"{""model_threshold"": false, ""ndi_value"": true, ""ndi_ratio"": true}"
APP_0092,denied,"{""model_threshold"": false, ""ndi_value"": true, ""ndi_ratio"": true}",bank,denied,"{""model_threshold"": false, ""ndi_value"": true, ""ndi_ratio"": true}"
APP_0093,denied,"{""model_threshold"": false, ""ndi_value"": true, ""ndi_ratio"": true}",bank,denied,"{""model_threshold"": false, ""ndi_value"": true, ""ndi_ratio"": true}"
APP_0094,denied,"{""model_threshold"": false, ""ndi_value"": true, ""ndi_ratio"": true}",bank,denied,"{""model_threshold"": false, ""ndi_value"": true, ""ndi_ratio"": true}"
APP_0095,denied,"{""model_threshold"": false, ""ndi_value"": true, ""ndi_ratio"": false}",bank,denied,"{""model_threshold"": false, ""ndi_value"": true, ""ndi_ratio"": false}"
APP_0096,denied,"{""model_threshold"": false, ""ndi_value"": true, ""ndi_ratio"": true}",bank,denied,"{""model_threshold"": false, ""ndi_value"": true, ""ndi_ratio"": true}"
APP_0097,denied,"{""model_threshold"": false, ""ndi_value"": true, ""ndi_ratio"": true}",bank,denied,"{""model_threshold"": false, ""ndi_value"": true, ""ndi_ratio"": true}"
APP_0098,denied,"{""model_threshold"": false, ""ndi_value"": false, ""ndi_ratio"": false}",non-bank,denied,"{""model_threshold"": false, ""ndi_value"": false, ""ndi_ratio"": false}"
APP_0099,denied,"{""model_threshold"": false, ""ndi_value"": false, ""ndi_ratio"": false}",non-bank,denied,"{""model_threshold"": false, ""ndi_value"": false, ""ndi_ratio"": false}"
APP_0100,denied,"{""model_threshold"": false, ""ndi_value"": true, ""ndi_ratio"": true}",bank,denied,"{""model_threshold"": false, ""ndi_value"": true, ""ndi_ratio"": true}"
APP_0101,denied,"{""model_threshold"": false, ""ndi_value"": true, ""ndi_ratio"": true}",bank,denied,"{""model_threshold"": false, ""ndi_value"": true, ""ndi_ratio"": true}"
APP_0102,denied,"{""model_threshold"": false, ""ndi_value"": true, ""ndi_ratio"": true}",bank,denied,"{""model_threshold"": false, ""ndi_value"": true, ""ndi_ratio"": true}"
APP_0103,denied,"{""model_threshold"": false, ""ndi_value"": true, ""ndi_ratio"": true}",non-bank,denied,"{""model_threshold"": false, ""ndi_value"": true, ""ndi_ratio"": true}"
APP_0104,denied,"{""model_threshold"": false, ""ndi_value"": true, ""ndi_ratio"": true}",bank,denied,"{""model_threshold"": false, ""ndi_value"": true, ""ndi_ratio"": true}"
APP_0105,denied,"{""model_threshold"": false, ""ndi_value"": true, ""ndi_ratio"": true}",bank,denied,"{""model_threshold"": false, ""ndi_value"": true, ""ndi_ratio"": true}"
APP_0106,denied,"{""model_threshold"": false, ""ndi_value"": true, ""ndi_ratio"": false}",bank,denied,"{""model_threshold"": false, ""ndi_value"": true, ""ndi_ratio"": false}"
APP_0107,denied,"{""model_threshold"": false, ""ndi_value"": false, ""ndi_ratio"": false}",bank,denied,"{""model_threshold"": false, ""ndi_value"": false, ""ndi_ratio"": false}"
APP_0108,denied,"{""model_threshold"": false, ""ndi_value"": true, ""ndi_ratio"": true}",non-bank,denied,"{""model_threshold"": false, ""ndi_value"": true, ""ndi_ratio"": true}"
APP_0109,denied,"{""model_threshold"": false, ""ndi_value"": true, ""ndi_ratio"": true}",non-bank,denied,"{""model_threshold"": false, ""ndi_value"": true, ""ndi_ratio"": true}"
APP_0110,denied,"{""model_threshold"": false, ""ndi_value"": true, ""ndi_ratio"": false}",bank,denied,"{""model_threshold"": false, ""ndi_value"": true, ""ndi_ratio"": false}"
APP_0111,denied,"{""model_threshold"": false, ""ndi_value"": true, ""ndi_ratio"": true}",bank,denied,"{""model_threshold"": false, ""ndi_value"": true, ""ndi_ratio"": true}"
APP_0112,denied,"{""model_threshold"": false, ""ndi_value"": true, ""ndi_ratio"": true}",non-bank,denied,"{""model_threshold"": false, ""ndi_value"": true, ""ndi_ratio"": true}"
APP_0113,denied,"{""model_threshold"": false, ""ndi_value"": true, ""ndi_ratio"": true}",bank,denied,"{""model_threshold"": false, ""ndi_value"": true, ""ndi_ratio"": true}"
APP_0114,denied,"{""model_threshold"": false, ""ndi_value"": true, ""ndi_ratio"": true}",bank,denied,"{""model_threshold"": false, ""ndi_value"": true, ""ndi_ratio"": true}"
APP_0115,denied,"{""model_threshold"": false, ""ndi_value"": true, ""ndi_ratio"": true}",non-bank,denied,"{""model_threshold"": false, ""ndi_value"": true, ""ndi_ratio"": true}"
APP_0116,denied,"{""model_threshold"": false, ""ndi_value"": true, ""ndi_ratio"": false}",bank,denied,"{""model_threshold"": false, ""ndi_value"": true, ""ndi_ratio"": false}"
APP_0117,denied,"{""model_threshold"": false, ""ndi_value"": true, ""ndi_ratio"": true}",bank,denied,"{""model_threshold"": false, ""ndi_value"": true, ""ndi_ratio"": true}"
APP_0118,denied,"{""model_threshold"": false, ""ndi_value"": true, ""ndi_ratio"": true}",bank,denied,"{""model_threshold"": false, ""ndi_value"": true, ""ndi_ratio"": true}"
APP_0119,denied,"{""model_threshold"": false, ""ndi_value"": true, ""ndi_ratio"": true}",bank,denied,"{""model_threshold"": false, ""ndi_value"": true, ""ndi_ratio"": true}"
APP_0120,denied,"{""model_threshold"": false, ""ndi_value"": true, ""ndi_ratio"": true}",bank,denied,"{""model_threshold"": false, ""ndi_value"": true, ""ndi_ratio"": true}"
APP_0121,denied,"{""model_threshold"": false, ""ndi_value"": true, ""ndi_ratio"": true}",bank,denied,"{""model_threshold"": false, ""ndi_value"": true, ""ndi_ratio"": true}"
APP_0122,denied,"{""model_threshold"": false, ""ndi_value"": true, ""ndi_ratio"": false}",bank,denied,"{""model_threshold"": false, ""ndi_value"": true, ""ndi_ratio"": false}"
APP_0123,denied,"{""model_threshold"": false, ""ndi_value"": true, ""ndi_ratio"": true}",non-bank,denied,"{""model_threshold"": false, ""ndi_value"": true, ""ndi_ratio"": true}"
APP_0124,denied,"{""model_threshold"": false, ""ndi_value"": true, ""ndi_ratio"": true}",bank,denied,"{""model_threshold"": false, ""ndi_value"": true, ""ndi_ratio"": true}"
APP_0125,denied,"{""model_threshold"": false, ""ndi_value"": true, ""ndi_ratio"": true}",non-bank,denied,"{""model_threshold"": false, ""ndi_value"": true, ""ndi_ratio"": true}"
APP_0126,denied,"{""model_threshold"": false, ""ndi_value"": true, ""ndi_ratio"": true}",bank,denied,"{""model_threshold"": false, ""ndi_value"": true, ""ndi_ratio"": true}"
APP_0127,denied,"{""model_threshold"": false, ""ndi_value"": true, ""ndi_ratio"": true}",bank,denied,"{""model_threshold"": false, ""ndi_value"": true, ""ndi_ratio"": true}"
APP_0128,denied,"{""model_threshold"": false, ""ndi_value"": true, ""ndi_ratio"": false}",non-bank,denied,"{""model_threshold"": false, ""ndi_value"": true, ""ndi_ratio"": false}"
APP_0129,denied,"{""model_threshold"": false, ""ndi_value"": true, ""ndi_ratio"": true}",non-bank,denied,"{""model_threshold"": false, ""ndi_value"": true, ""ndi_ratio"": true}"
APP_0130,denied,"{""model_threshold"": false, ""ndi_value"": true, ""ndi_ratio"": false}",bank,denied,"{""model_threshold"": false, ""ndi_value"": true, ""ndi_ratio"": false}"
APP_0131,denied,"{""model_threshold"": false, ""ndi_value"": true, ""ndi_ratio"": true}",non-bank,denied,"{""model_threshold"": false, ""ndi_value"": true, ""ndi_ratio"": true}"
APP_0132,denied,"{""model_threshold"": false, ""ndi_value"": true, ""ndi_ratio"": true}",bank,denied,"{""model_threshold"": false, ""ndi_value"": true, ""ndi_ratio"": true}"
APP_0133,denied,"{""model_threshold"": false, ""ndi_value"": true, ""ndi_ratio"": true}",bank,denied,"{""model_threshold"": false, ""ndi_value"": true, ""ndi_ratio"": true}"
APP_0134,denied,"{""model_threshold"": false, ""ndi_value"": true, ""ndi_ratio"": false}",bank,denied,"{""model_threshold"": false, ""ndi_value"": true, ""ndi_ratio"": false}"
APP_0135,denied,"{""model_threshold"": false, ""ndi_value"": true, ""ndi_ratio"": true}",bank,denied,"{""model_threshold"": false, ""ndi_value"": true, ""ndi_ratio"": true}"
APP_0136,denied,"{""model_threshold"": false, ""ndi_value"": true, ""ndi_ratio"": true}",non-bank,denied,"{""model_threshold"": false, ""ndi_value"": true, ""ndi_ratio"": true}"
APP_0137,denied,"{""model_threshold"": false, ""ndi_value"": true, ""ndi_ratio"": true}",bank,denied,"{""model_threshold"": false, ""ndi_value"": true, ""ndi_ratio"": true}"
APP_0138,denied,"{""model_threshold"": false, ""ndi_value"": true, ""ndi_ratio"": true}",bank,denied,"{""model_threshold"": false, ""ndi_value"": true, ""ndi_ratio"": true}"
APP_0139,denied,"{""model_threshold"": false, ""ndi_value"": true, ""ndi_ratio"": true}",bank,denied,"{""model_threshold"": false, ""ndi_value"": true, ""ndi_ratio"": true}"
APP_0140,denied,"{""model_threshold"": false, ""ndi_value"": true, ""ndi_ratio"": true}",non-bank,denied,"{""model_threshold"": false, ""ndi_value"": true, ""ndi_ratio"": true}"
APP_0141,denied,"{""model_threshold"": false, ""ndi_value"": true, ""ndi_ratio"": false}",bank,denied,"{""model_threshold"": false, ""ndi_value"": true, ""ndi_ratio"": false}"
APP_0142,denied,"{""model_threshold"": false, ""ndi_value"": true, ""ndi_ratio"": true}",bank,denied,"{""model_threshold"": false, ""ndi_value"": true, ""ndi_ratio"": true}"
APP_0143,denied,"{""model_threshold"": false, ""ndi_value"": true, ""ndi_ratio"": false}",bank,denied,"{""model_threshold"": false, ""ndi_value"": true, ""ndi_ratio"": false}"
APP_0144,denied,"{""model_threshold"": false, ""ndi_value"": true, ""ndi_ratio"": true}",bank,denied,"{""model_threshold"": false, ""ndi_value"": true, ""ndi_ratio"": true}"
APP_0145,denied,"{""model_threshold"": false, ""ndi_value"": true, ""ndi_ratio"": false}",bank,denied,"{""model_threshold"": false, ""ndi_value"": true, ""ndi_ratio"": false}"
APP_0146,denied,"{""model_threshold"": false, ""ndi_value"": true, ""ndi_ratio"": true}",non-bank,denied,"{""model_threshold"": false, ""ndi_value"": true, ""ndi_ratio"": true}"
APP_0147,denied,"{""model_threshold"": false, ""ndi_value"": true, ""ndi_ratio"": false}",bank,denied,"{""model_threshold"": false, ""ndi_value"": true, ""ndi_ratio"": false}"
APP_0148,denied,"{""model_threshold"": false, ""ndi_value"": true, ""ndi_ratio"": true}",bank,denied,"{""model_threshold"": false, ""ndi_value"": true, ""ndi_ratio"": true}"
APP_0149,denied,"{""model_threshold"": false, ""ndi_value"": true, ""ndi_ratio"": true}",bank,denied,"{""model_threshold"": false, ""ndi_value"": true, ""ndi_ratio"": true}"
APP_0150,denied,"{""model_threshold"": false, ""ndi_value"": true, ""ndi_ratio"": true}",non-bank,denied,"{""model_threshold"": false, ""ndi_value"": true, ""ndi_ratio"": true}"
APP_0151,denied,"{""model_threshold"": false, ""ndi_value"": true, ""ndi_ratio"": true}",bank,denied,"{""model_threshold"": false, ""ndi_value"": true, ""ndi_ratio"": true}"
APP_0152,denied,"{""model_threshold"": false, ""ndi_value"": true, ""ndi_ratio"": true}",bank,denied,"{""model_threshold"": false, ""ndi_value"": true, ""ndi_ratio"": true}"
APP_0153,denied,"{""model_threshold"": false, ""ndi_value"": true, ""ndi_ratio"": true}",non-bank,denied,"{""model_threshold"": false, ""ndi_value"": true, ""ndi_ratio"": true}"
APP_0154,denied,"{""model_threshold"": false, ""ndi_value"": true, ""ndi_ratio"": false}",bank,denied,"{""model_threshold"": false, ""ndi_value"": true, ""ndi_ratio"": false}"
APP_0155,denied,"{""model_threshold"": false, ""ndi_value"": true, ""ndi_ratio"": true}",non-bank,denied,"{""model_threshold"": false, ""ndi_value"": true, ""ndi_ratio"": true}"
APP_0156,denied,"{""model_threshold"": false, ""ndi_value"": true, ""ndi_ratio"": true}",bank,denied,"{""model_threshold"": false, ""ndi_value"": true, ""ndi_ratio"": true}"
APP_0157,denied,"{""model_threshold"": false, ""ndi_value"": true, ""ndi_ratio"": true}",non-bank,denied,"{""model_threshold"": false, ""ndi_value"": true, ""ndi_ratio"": true}"
APP_0158,denied,"{""model_threshold"": false, ""ndi_value"": true, ""ndi_ratio"": true}",bank,denied,"{""model_threshold"": false, ""ndi_value"": true, ""ndi_ratio"": true}"
APP_0159,denied,"{""model_threshold"": false, ""ndi_value"": true, ""ndi_ratio"": true}",bank,denied,"{""model_threshold"": false, ""ndi_value"": true, ""ndi_ratio"": true}"
APP_0160,denied,"{""model_threshold"": false, ""ndi_value"": true, ""ndi_ratio"": true}",bank,denied,"{""model_threshold"": false, ""ndi_value"": true, ""ndi_ratio"": true}"
APP_0161,denied,"{""model_threshold"": false, ""ndi_value"": true, ""ndi_ratio"": true}",non-bank,denied,"{""model_threshold"": false, ""ndi_value"": true, ""ndi_ratio"": true}"
APP_0162,denied,"{""model_threshold"": false, ""ndi_value"": true, ""ndi_ratio"": true}",bank,denied,"{""model_threshold"": false, ""ndi_value"": true, ""ndi_ratio"": true}"
APP_0163,denied,"{""model_threshold"": false, ""ndi_value"": true, ""ndi_ratio"": true}",non-bank,denied,"{""model_threshold"": false, ""ndi_value"": true, ""ndi_ratio"": true}"
APP_0164,denied,"{""model_threshold"": false, ""ndi_value"": true, ""ndi_ratio"": true}",non-bank,denied,"{""model_threshold"": false, ""ndi_value"": true, ""ndi_ratio"": true}"
APP_0165,denied,"{""model_threshold"": false, ""ndi_value"": true, ""ndi_ratio"": false}",bank,denied,"{""model_threshold"": false, ""ndi_value"": true, ""ndi_ratio"": false}"
APP_0166,denied,"{""model_threshold"": false, ""ndi_value"": true, ""ndi_ratio"": true}",bank,denied,"{""model_threshold"": false, ""ndi_value"": true, ""ndi_ratio"": true}"
APP_0167,denied,"{""model_threshold"": false, ""ndi_value"": false, ""ndi_ratio"": false}",bank,denied,"{""model_threshold"": false, ""ndi_value"": false, ""ndi_ratio"": false}"
APP_0168,denied,"{""model_threshold"": false, ""ndi_value"": true, ""ndi_ratio"": false}",bank,denied,"{""model_threshold"": false, ""ndi_value"": true, ""ndi_ratio"": false}"
APP_0169,denied,"{""model_threshold"": false, ""ndi_value"": true, ""ndi_ratio"": true}",bank,denied,"{""model_threshold"": false, ""ndi_value"": true, ""ndi_ratio"": true}"
APP_0170,denied,"{""model_threshold"": false, ""ndi_value"": true, ""ndi_ratio"": true}",bank,denied,"{""model_threshold"": false, ""ndi_value"": true, ""ndi_ratio"": true}"
APP_0171,denied,"{""model_threshold"": false, ""ndi_value"": true, ""ndi_ratio"": true}",non-bank,denied,"{""model_threshold"": false, ""ndi_value"": true, ""ndi_ratio"": true}"
APP_0172,denied,"{""model_threshold"": false, ""ndi_value"": true, ""ndi_ratio"": false}",bank,denied,"{""model_threshold"": false, ""ndi_value"": true, ""ndi_ratio"": false}"
APP_0173,denied,"{""model_threshold"": false, ""ndi_value"": true, ""ndi_ratio"": true}",non-bank,denied,"{""model_threshold"": false, ""ndi_value"": true, ""ndi_ratio"": true}"
APP_0174,denied,"{""model_threshold"": false, ""ndi_value"": true, ""ndi_ratio"": false}",bank,denied,"{""model_threshold"": false, ""ndi_value"": true, ""ndi_ratio"": false}"
APP_0175,denied,"{""model_threshold"": false, ""ndi_value"": true, ""ndi_ratio"": true}",non-bank,denied,"{""model_threshold"": false, ""ndi_value"": true, ""ndi_ratio"": true}"
APP_0176,denied,"{""model_threshold"": false, ""ndi_value"": true, ""ndi_ratio"": true}",non-bank,denied,"{""model_threshold"": false, ""ndi_value"": true, ""ndi_ratio"": true}"
APP_0177,denied,"{""model_threshold"": false, ""ndi_value"": true, ""ndi_ratio"": true}",bank,denied,"{""model_threshold"": false, ""ndi_value"": true, ""ndi_ratio"": true}"
APP_0178,denied,"{""model_threshold"": false, ""ndi_value"": true, ""ndi_ratio"": true}",bank,denied,"{""model_threshold"": false, ""ndi_value"": true, ""ndi_ratio"": true}"
APP_0179,denied,"{""model_threshold"": false, ""ndi_value"": true, ""ndi_ratio"": true}",bank,denied,"{""model_threshold"": false, ""ndi_value"": true, ""ndi_ratio"": true}"
APP_0180,denied,"{""model_threshold"": false, ""ndi_value"": true, ""ndi_ratio"": true}",bank,denied,"{""model_threshold"": false, ""ndi_value"": true, ""ndi_ratio"": true}"
APP_0181,denied,"{""model_threshold"": false, ""ndi_value"": true, ""ndi_ratio"": true}",bank,denied,"{""model_threshold"": false, ""ndi_value"": true, ""ndi_ratio"": true}"
APP_0182,denied,"{""model_threshold"": false, ""ndi_value"": true, ""ndi_ratio"": true}",bank,denied,"{""model_threshold"": false, ""ndi_value"": true, ""ndi_ratio"": true}"
APP_0183,denied,"{""model_threshold"": false, ""ndi_value"": true, ""ndi_ratio"": true}",bank,denied,"{""model_threshold"": false, ""ndi_value"": true, ""ndi_ratio"": true}"
APP_0184,denied,"{""model_threshold"": false, ""ndi_value"": true, ""ndi_ratio"": true}",bank,denied,"{""model_threshold"": false, ""ndi_value"": true, ""ndi_ratio"": true}"
APP_0185,denied,"{""model_threshold"": false, ""ndi_value"": true, ""ndi_ratio"": true}",bank,denied,"{""model_threshold"": false, ""ndi_value"": true, ""ndi_ratio"": true}"
APP_0186,denied,"{""model_threshold"": false, ""ndi_value"": true, ""ndi_ratio"": true}",bank,denied,"{""model_threshold"": false, ""ndi_value"": true, ""ndi_ratio"": true}"
APP_0187,denied,"{""model_threshold"": false, ""ndi_value"": true, ""ndi_ratio"": true}",bank,denied,"{""model_threshold"": false, ""ndi_value"": true, ""ndi_ratio"": true}"
APP_0188,denied,"{""model_threshold"": false, ""ndi_value"": true, ""ndi_ratio"": false}",non-bank,denied,"{""model_threshold"": false, ""ndi_value"": true, ""ndi_ratio"": false}"
APP_0189,denied,"{""model_threshold"": false, ""ndi_value"": true, ""ndi_ratio"": true}",bank,denied,"{""model_threshold"": false, ""ndi_value"": true, ""ndi_ratio"": true}"
APP_0190,denied,"{""model_threshold"": false, ""ndi_value"": true, ""ndi_ratio"": false}",non-bank,denied,"{""model_threshold"": false, ""ndi_value"": true, ""ndi_ratio"": false}"
APP_0191,denied,"{""model_threshold"": false, ""ndi_value"": true, ""ndi_ratio"": true}",bank,denied,"{""model_threshold"": false, ""ndi_value"": true, ""ndi_ratio"": true}"
APP_0192,denied,"{""model_threshold"": false, ""ndi_value"": true, ""ndi_ratio"": true}",non-bank,denied,"{""model_threshold"": false, ""ndi_value"": true, ""ndi_ratio"": true}"
APP_0193,denied,"{""model_threshold"": false, ""ndi_value"": true, ""ndi_ratio"": true}",non-bank,denied,"{""model_threshold"": false, ""ndi_value"": true, ""ndi_ratio"": true}"
APP_0194,denied,"{""model_threshold"": false, ""ndi_value"": true, ""ndi_ratio"": true}",bank,denied,"{""model_threshold"": false, ""ndi_value"": true, ""ndi_ratio"": true}"
APP_0195,denied,"{""model_threshold"": false, ""ndi_value"": true, ""ndi_ratio"": true}",non-bank,denied,"{""model_threshold"": false, ""ndi_value"": true, ""ndi_ratio"": true}"
APP_0196,denied,"{""model_threshold"": false, ""ndi_value"": true, ""ndi_ratio"": true}",non-bank,denied,"{""model_threshold"": false, ""ndi_value"": true, ""ndi_ratio"": true}"
APP_0197,denied,"{""model_threshold"": false, ""ndi_value"": true, ""ndi_ratio"": true}",bank,denied,"{""model_threshold"": false, ""ndi_value"": true, ""ndi_ratio"": true}"
APP_0198,denied,"{""model_threshold"": false, ""ndi_value"": true, ""ndi_ratio"": true}",bank,denied,"{""model_threshold"": false, ""ndi_value"": true, ""ndi_ratio"": true}"
APP_0199,denied,"{""model_threshold"": false, ""ndi_value"": true, ""ndi_ratio"": true}",non-bank,denied,"{""model_threshold"": false, ""ndi_value"": true, ""ndi_ratio"": true}"
APP_0200,denied,"{""model_threshold"": false, ""ndi_value"": true, ""ndi_ratio"": false}",bank,denied,"{""model_threshold"": false, ""ndi_value"": true, ""ndi_ratio"": false}"
